,date_orig_id,AWND,PRCP,SNOW,SNWD,TAVG
0,2020-01-01-DFW,59.0,0.0,0.0,0.0,85.0
1,2020-01-01-CLE,72.0,0.0,0.0,0.0,14.0
2,2020-01-01-MCO,26.0,0.0,0.0,0.0,157.0
3,2020-01-01-MIA,19.0,0.0,0.0,0.0,212.0
4,2020-01-01-TPA,24.0,0.0,0.0,0.0,169.0
5,2020-01-01-FLL,21.0,0.0,0.0,0.0,198.0
6,2020-01-01-MSY,26.0,5.0,0.0,0.0,131.0
7,2020-01-01-HOU,34.0,69.0,0.0,0.0,132.0
8,2020-01-01-SAT,14.0,0.0,0.0,0.0,114.0
9,2020-01-01-IAH,29.0,25.0,0.0,0.0,111.0
10,2020-01-01-RDU,20.0,0.0,0.0,0.0,74.0
11,2020-01-01-DCA,36.0,0.0,0.0,0.0,77.0
12,2020-01-01-ATL,32.0,0.0,0.0,0.0,71.0
13,2020-01-01-CLT,23.0,0.0,0.0,0.0,72.0
14,2020-01-01-BNA,27.0,0.0,0.0,0.0,57.0
15,2020-01-01-AUS,22.0,0.0,0.0,0.0,120.0
16,2020-01-01-DAL,40.0,0.0,0.0,0.0,95.0
17,2020-01-01-MCI,55.0,0.0,0.0,0.0,56.0
18,2020-01-01-STL,46.0,0.0,0.0,0.0,53.0
19,2020-01-01-LGA,71.0,0.0,0.0,0.0,43.0
20,2020-01-01-EWR,61.0,0.0,0.0,0.0,42.0
21,2020-01-01-BOS,69.0,0.0,0.0,0.0,41.0
22,2020-01-01-MKE,49.0,0.0,0.0,30.0,-37.0
23,2020-01-01-MSP,31.0,0.0,0.0,130.0,-64.0
24,2020-01-01-HNL,28.0,0.0,0.0,0.0,244.0
25,2020-01-01-LAS,34.0,0.0,0.0,0.0,33.5
26,2020-01-01-LAX,25.0,0.0,0.0,0.0,159.0
27,2020-01-01-PHX,17.0,0.0,0.0,0.0,102.0
28,2020-01-01-SAN,17.0,0.0,0.0,0.0,140.0
29,2020-01-01-OAK,21.0,0.0,0.0,0.0,111.0
30,2020-01-01-SFO,64.0,0.0,0.0,0.0,117.0
31,2020-01-01-SJC,29.0,0.0,0.0,0.0,106.0
32,2020-01-01-SLC,42.0,43.0,38.0,0.0,1.0
33,2020-01-01-PDX,33.0,38.0,0.0,0.0,108.0
34,2020-01-01-SEA,64.0,0.0,0.0,0.0,106.0
35,2020-01-01-IND,38.0,0.0,0.0,0.0,36.5
36,2020-01-01-RSW,14.0,0.0,0.0,0.0,102.5
37,2020-01-01-DEN,51.0,0.0,0.0,0.0,39.5
38,2020-01-01-SNA,17.0,0.0,0.0,0.0,147.0
39,2020-01-01-SMF,17.0,0.0,0.0,0.0,94.5
40,2020-01-01-BWI,44.0,0.0,0.0,0.0,70.0
41,2020-01-01-IAD,29.0,0.0,0.0,0.0,61.0
42,2020-01-01-CVG,44.0,0.0,0.0,0.0,33.0
43,2020-01-01-CMH,10.0,0.0,0.0,0.0,78.0
44,2020-01-01-PHL,42.0,0.0,0.0,0.0,23.0
45,2020-01-01-JFK,79.0,0.0,0.0,0.0,43.0
46,2020-01-01-PIT,37.0,8.0,0.0,30.0,-1.0
47,2020-01-01-ORD,53.0,0.0,0.0,0.0,-21.0
48,2020-01-01-DTW,56.0,0.0,0.0,30.0,-11.0
49,2020-01-02-DFW,48.0,0.0,0.0,0.0,125.0
50,2020-01-02-CLE,75.0,0.0,0.0,0.0,69.5
51,2020-01-02-MCO,29.0,0.0,0.0,0.0,184.0
52,2020-01-02-MIA,33.0,0.0,0.0,0.0,224.0
53,2020-01-02-TPA,35.0,0.0,0.0,0.0,203.0
54,2020-01-02-FLL,43.0,0.0,0.0,0.0,222.0
55,2020-01-02-MSY,55.0,89.0,0.0,0.0,201.0
56,2020-01-02-HOU,23.0,10.0,0.0,0.0,163.0
57,2020-01-02-SAT,13.0,0.0,0.0,0.0,125.0
58,2020-01-02-IAH,16.0,53.0,0.0,0.0,154.0
59,2020-01-02-RDU,32.0,25.0,0.0,0.0,71.0
60,2020-01-02-DCA,22.0,0.0,0.0,0.0,48.0
61,2020-01-02-ATL,30.0,234.0,0.0,0.0,85.0
62,2020-01-02-CLT,26.0,97.0,0.0,0.0,74.0
63,2020-01-02-BNA,43.0,312.0,0.0,0.0,94.0
64,2020-01-02-AUS,22.0,5.0,0.0,0.0,126.0
65,2020-01-02-DAL,36.0,0.0,0.0,0.0,134.0
66,2020-01-02-MCI,32.0,0.0,0.0,0.0,72.0
67,2020-01-02-STL,32.0,0.0,0.0,0.0,89.0
68,2020-01-02-LGA,36.0,0.0,0.0,0.0,43.0
69,2020-01-02-EWR,33.0,0.0,0.0,0.0,25.0
70,2020-01-02-BOS,56.0,0.0,0.0,0.0,42.0
71,2020-01-02-MKE,51.0,0.0,0.0,0.0,55.0
72,2020-01-02-MSP,34.0,0.0,0.0,130.0,13.0
73,2020-01-02-HNL,32.0,3.0,0.0,0.0,239.0
74,2020-01-02-LAS,39.0,0.0,0.0,0.0,-19.0
75,2020-01-02-LAX,21.0,0.0,0.0,0.0,144.0
76,2020-01-02-PHX,17.0,0.0,0.0,0.0,106.0
77,2020-01-02-SAN,15.0,0.0,0.0,0.0,151.0
78,2020-01-02-OAK,14.0,0.0,0.0,0.0,106.0
79,2020-01-02-SFO,26.0,0.0,0.0,0.0,120.0
80,2020-01-02-SJC,20.0,0.0,0.0,0.0,116.5
81,2020-01-02-SLC,14.0,3.0,0.0,0.0,23.0
82,2020-01-02-PDX,33.0,10.0,0.0,0.0,82.0
83,2020-01-02-SEA,41.0,53.0,0.0,0.0,73.0
84,2020-01-02-IND,36.0,25.0,0.0,0.0,83.0
85,2020-01-02-RSW,57.0,0.0,0.0,0.0,177.5
86,2020-01-02-DEN,18.0,0.0,0.0,0.0,23.0
87,2020-01-02-SNA,15.0,0.0,0.0,0.0,147.0
88,2020-01-02-SMF,30.0,0.0,0.0,0.0,97.5
89,2020-01-02-BWI,10.0,0.0,0.0,0.0,27.0
90,2020-01-02-IAD,23.0,0.0,0.0,0.0,16.0
91,2020-01-02-CVG,42.0,117.0,0.0,0.0,56.0
92,2020-01-02-CMH,20.0,64.0,0.0,0.0,127.5
93,2020-01-02-PHL,17.0,0.0,0.0,0.0,31.0
94,2020-01-02-JFK,43.0,0.0,0.0,0.0,33.0
95,2020-01-02-PIT,35.0,20.0,0.0,0.0,24.0
96,2020-01-02-ORD,52.0,0.0,0.0,0.0,54.0
97,2020-01-02-DTW,64.0,0.0,0.0,0.0,41.0
98,2020-01-03-DFW,56.0,0.0,0.0,0.0,106.0
99,2020-01-03-CLE,21.0,25.0,0.0,0.0,69.0
100,2020-01-03-MCO,38.0,0.0,0.0,0.0,228.0
101,2020-01-03-MIA,43.0,0.0,0.0,0.0,255.0
102,2020-01-03-TPA,47.0,0.0,0.0,0.0,231.0
103,2020-01-03-FLL,51.0,0.0,0.0,0.0,253.0
104,2020-01-03-MSY,31.0,470.0,0.0,0.0,186.0
105,2020-01-03-HOU,38.0,0.0,0.0,0.0,164.0
106,2020-01-03-SAT,46.0,0.0,0.0,0.0,128.0
107,2020-01-03-IAH,27.0,0.0,0.0,0.0,160.0
108,2020-01-03-RDU,16.0,389.0,0.0,0.0,100.0
109,2020-01-03-DCA,27.0,64.0,0.0,0.0,101.0
110,2020-01-03-ATL,26.0,246.0,0.0,0.0,131.0
111,2020-01-03-CLT,13.0,132.0,0.0,0.0,92.0
112,2020-01-03-BNA,18.0,99.0,0.0,0.0,126.0
113,2020-01-03-AUS,30.0,0.0,0.0,0.0,114.0
114,2020-01-03-DAL,47.0,0.0,0.0,0.0,117.0
115,2020-01-03-MCI,38.0,0.0,0.0,0.0,44.5
116,2020-01-03-STL,31.0,0.0,0.0,0.0,64.0
117,2020-01-03-LGA,21.0,36.0,0.0,0.0,81.0
118,2020-01-03-EWR,28.0,28.0,0.0,0.0,74.0
119,2020-01-03-BOS,32.0,0.0,0.0,0.0,82.0
120,2020-01-03-MKE,30.0,0.0,0.0,0.0,28.0
121,2020-01-03-MSP,27.0,0.0,0.0,100.0,3.0
122,2020-01-03-HNL,56.0,38.0,0.0,0.0,240.0
123,2020-01-03-LAS,30.0,0.0,0.0,0.0,-13.0
124,2020-01-03-LAX,20.0,0.0,0.0,0.0,156.0
125,2020-01-03-PHX,12.0,0.0,0.0,0.0,111.0
126,2020-01-03-SAN,11.0,0.0,0.0,0.0,151.0
127,2020-01-03-OAK,17.0,0.0,0.0,0.0,102.5
128,2020-01-03-SFO,16.0,0.0,0.0,0.0,111.0
129,2020-01-03-SJC,11.0,0.0,0.0,0.0,125.0
130,2020-01-03-SLC,36.0,0.0,0.0,0.0,32.0
131,2020-01-03-PDX,51.0,30.0,0.0,0.0,102.0
132,2020-01-03-SEA,43.0,99.0,0.0,0.0,89.0
133,2020-01-03-IND,17.0,18.0,0.0,0.0,66.5
134,2020-01-03-RSW,61.0,102.0,0.0,0.0,219.5
135,2020-01-03-DEN,34.0,0.0,0.0,0.0,9.0
136,2020-01-03-SNA,6.0,0.0,0.0,0.0,166.5
137,2020-01-03-SMF,10.0,0.0,0.0,0.0,86.0
138,2020-01-03-BWI,21.0,64.0,0.0,0.0,97.0
139,2020-01-03-IAD,22.0,84.0,0.0,0.0,94.0
140,2020-01-03-CVG,30.0,173.0,0.0,0.0,102.0
141,2020-01-03-CMH,31.0,259.0,0.0,0.0,205.5
142,2020-01-03-PHL,14.0,41.0,0.0,0.0,86.5
143,2020-01-03-JFK,29.0,33.0,0.0,0.0,67.0
144,2020-01-03-PIT,8.0,239.0,0.0,0.0,87.0
145,2020-01-03-ORD,27.0,0.0,0.0,0.0,36.0
146,2020-01-03-DTW,30.0,0.0,0.0,0.0,66.0
147,2020-01-04-DFW,26.0,0.0,0.0,0.0,85.0
148,2020-01-04-CLE,62.0,36.0,0.0,0.0,25.0
149,2020-01-04-MCO,61.0,104.0,0.0,0.0,224.0
150,2020-01-04-MIA,47.0,15.0,0.0,0.0,263.0
151,2020-01-04-TPA,55.0,264.0,0.0,0.0,223.0
152,2020-01-04-FLL,52.0,33.0,0.0,0.0,258.0
153,2020-01-04-MSY,41.0,0.0,0.0,0.0,157.0
154,2020-01-04-HOU,27.0,0.0,0.0,0.0,132.0
155,2020-01-04-SAT,24.0,0.0,0.0,0.0,123.0
156,2020-01-04-IAH,23.0,0.0,0.0,0.0,126.0
157,2020-01-04-RDU,41.0,114.0,0.0,0.0,147.0
158,2020-01-04-DCA,29.0,79.0,0.0,0.0,118.0
159,2020-01-04-ATL,65.0,36.0,0.0,0.0,136.0
160,2020-01-04-CLT,53.0,74.0,0.0,0.0,137.0
161,2020-01-04-BNA,44.0,8.0,0.0,0.0,86.0
162,2020-01-04-AUS,16.0,0.0,0.0,0.0,122.0
163,2020-01-04-DAL,18.0,0.0,0.0,0.0,88.0
164,2020-01-04-MCI,42.0,0.0,0.0,0.0,20.0
165,2020-01-04-STL,43.0,0.0,0.0,0.0,29.0
166,2020-01-04-LGA,38.0,61.0,0.0,0.0,84.0
167,2020-01-04-EWR,26.0,53.0,0.0,0.0,91.0
168,2020-01-04-BOS,24.0,33.0,0.0,0.0,81.0
169,2020-01-04-MKE,43.0,0.0,0.0,0.0,2.0
170,2020-01-04-MSP,37.0,0.0,0.0,100.0,-32.0
171,2020-01-04-HNL,52.0,0.0,0.0,0.0,244.0
172,2020-01-04-LAS,34.0,0.0,0.0,0.0,42.0
173,2020-01-04-LAX,22.0,0.0,0.0,0.0,149.0
174,2020-01-04-PHX,15.0,0.0,0.0,0.0,114.0
175,2020-01-04-SAN,13.0,0.0,0.0,0.0,143.0
176,2020-01-04-OAK,21.0,3.0,0.0,0.0,114.0
177,2020-01-04-SFO,41.0,0.0,0.0,0.0,125.0
178,2020-01-04-SJC,33.0,0.0,0.0,0.0,116.5
179,2020-01-04-SLC,38.0,0.0,0.0,0.0,34.0
180,2020-01-04-PDX,44.0,41.0,0.0,0.0,84.0
181,2020-01-04-SEA,63.0,25.0,0.0,0.0,83.0
182,2020-01-04-IND,49.0,0.0,0.0,0.0,22.5
183,2020-01-04-RSW,43.0,0.0,0.0,0.0,127.5
184,2020-01-04-DEN,38.0,0.0,0.0,0.0,70.0
185,2020-01-04-SNA,9.0,0.0,0.0,0.0,152.5
186,2020-01-04-SMF,32.0,20.0,0.0,0.0,94.5
187,2020-01-04-BWI,22.0,48.0,0.0,0.0,114.0
188,2020-01-04-IAD,30.0,89.0,0.0,0.0,113.0
189,2020-01-04-CVG,63.0,15.0,0.0,0.0,56.0
190,2020-01-04-CMH,54.0,13.0,0.0,0.0,108.5
191,2020-01-04-PHL,28.0,43.0,0.0,0.0,92.0
192,2020-01-04-JFK,37.0,41.0,0.0,0.0,84.0
193,2020-01-04-PIT,44.0,61.0,3.0,0.0,68.0
194,2020-01-04-ORD,41.0,8.0,13.0,30.0,-1.0
195,2020-01-04-DTW,43.0,3.0,0.0,0.0,26.0
196,2020-01-05-DFW,38.0,0.0,0.0,0.0,107.0
197,2020-01-05-CLE,82.0,0.0,0.0,0.0,28.0
198,2020-01-05-MCO,37.0,0.0,0.0,0.0,143.0
199,2020-01-05-MIA,43.0,0.0,0.0,0.0,192.0
200,2020-01-05-TPA,46.0,0.0,0.0,0.0,151.0
201,2020-01-05-FLL,51.0,0.0,0.0,0.0,179.0
202,2020-01-05-MSY,23.0,0.0,0.0,0.0,121.0
203,2020-01-05-HOU,33.0,0.0,0.0,0.0,141.0
204,2020-01-05-SAT,26.0,0.0,0.0,0.0,132.0
205,2020-01-05-IAH,25.0,0.0,0.0,0.0,130.0
206,2020-01-05-RDU,34.0,0.0,0.0,0.0,73.0
207,2020-01-05-DCA,55.0,0.0,0.0,0.0,63.0
208,2020-01-05-ATL,37.0,0.0,0.0,0.0,48.0
209,2020-01-05-CLT,26.0,0.0,0.0,0.0,64.0
210,2020-01-05-BNA,29.0,0.0,0.0,0.0,45.0
211,2020-01-05-AUS,36.0,0.0,0.0,0.0,128.0
212,2020-01-05-DAL,28.0,0.0,0.0,0.0,126.0
213,2020-01-05-MCI,40.0,0.0,0.0,0.0,53.0
214,2020-01-05-STL,46.0,0.0,0.0,0.0,37.0
215,2020-01-05-LGA,90.0,0.0,0.0,0.0,46.0
216,2020-01-05-EWR,73.0,0.0,0.0,0.0,53.0
217,2020-01-05-BOS,74.0,28.0,0.0,0.0,39.0
218,2020-01-05-MKE,55.0,0.0,0.0,0.0,-8.0
219,2020-01-05-MSP,53.0,3.0,0.0,100.0,-8.0
220,2020-01-05-HNL,51.0,0.0,0.0,0.0,248.0
221,2020-01-05-LAS,56.0,0.0,0.0,0.0,42.0
222,2020-01-05-LAX,20.0,0.0,0.0,0.0,143.0
223,2020-01-05-PHX,14.0,0.0,0.0,0.0,124.0
224,2020-01-05-SAN,12.0,0.0,0.0,0.0,141.0
225,2020-01-05-OAK,23.0,0.0,0.0,0.0,94.5
226,2020-01-05-SFO,36.0,0.0,0.0,0.0,111.0
227,2020-01-05-SJC,25.0,0.0,0.0,0.0,94.0
228,2020-01-05-SLC,18.0,0.0,0.0,0.0,-1.0
229,2020-01-05-PDX,47.0,66.0,0.0,0.0,71.0
230,2020-01-05-SEA,64.0,36.0,0.0,0.0,68.0
231,2020-01-05-IND,44.0,0.0,0.0,0.0,22.5
232,2020-01-05-RSW,17.0,0.0,0.0,0.0,83.5
233,2020-01-05-DEN,34.0,0.0,0.0,0.0,8.5
234,2020-01-05-SNA,11.0,0.0,0.0,0.0,150.0
235,2020-01-05-SMF,25.0,0.0,0.0,0.0,77.5
236,2020-01-05-BWI,56.0,0.0,0.0,0.0,56.0
237,2020-01-05-IAD,55.0,0.0,0.0,0.0,49.0
238,2020-01-05-CVG,51.0,0.0,0.0,0.0,21.0
239,2020-01-05-CMH,24.0,0.0,0.0,0.0,75.0
240,2020-01-05-PHL,70.0,0.0,0.0,0.0,50.0
241,2020-01-05-JFK,96.0,0.0,0.0,0.0,52.0
242,2020-01-05-PIT,51.0,5.0,0.0,0.0,-6.0
243,2020-01-05-ORD,62.0,0.0,0.0,0.0,-7.0
244,2020-01-05-DTW,66.0,10.0,18.0,0.0,-2.0
245,2020-01-06-DFW,35.0,0.0,0.0,0.0,102.0
246,2020-01-06-CLE,81.0,0.0,0.0,0.0,39.0
247,2020-01-06-MCO,13.0,0.0,0.0,0.0,127.0
248,2020-01-06-MIA,27.0,0.0,0.0,0.0,176.0
249,2020-01-06-TPA,32.0,0.0,0.0,0.0,144.0
250,2020-01-06-FLL,36.0,0.0,0.0,0.0,164.0
251,2020-01-06-MSY,27.0,0.0,0.0,0.0,149.0
252,2020-01-06-HOU,26.0,0.0,0.0,0.0,159.0
253,2020-01-06-SAT,32.0,0.0,0.0,0.0,138.0
254,2020-01-06-IAH,22.0,0.0,0.0,0.0,158.0
255,2020-01-06-RDU,14.0,0.0,0.0,0.0,66.0
256,2020-01-06-DCA,37.0,0.0,0.0,0.0,60.0
257,2020-01-06-ATL,26.0,0.0,0.0,0.0,89.0
258,2020-01-06-CLT,17.0,0.0,0.0,0.0,79.0
259,2020-01-06-BNA,17.0,20.0,0.0,0.0,73.0
260,2020-01-06-AUS,29.0,0.0,0.0,0.0,124.0
261,2020-01-06-DAL,29.0,0.0,0.0,0.0,111.0
262,2020-01-06-MCI,13.0,0.0,0.0,0.0,20.0
263,2020-01-06-STL,21.0,0.0,0.0,0.0,37.0
264,2020-01-06-LGA,57.0,5.0,18.0,30.0,29.0
265,2020-01-06-EWR,46.0,8.0,23.0,30.0,27.0
266,2020-01-06-BOS,30.0,0.0,0.0,0.0,4.0
267,2020-01-06-MKE,47.0,0.0,0.0,0.0,22.0
268,2020-01-06-MSP,38.0,0.0,0.0,80.0,-24.0
269,2020-01-06-HNL,60.0,0.0,0.0,0.0,249.0
270,2020-01-06-LAS,47.0,0.0,0.0,0.0,0.5
271,2020-01-06-LAX,25.0,0.0,0.0,0.0,163.0
272,2020-01-06-PHX,16.0,0.0,0.0,0.0,127.0
273,2020-01-06-SAN,9.0,0.0,0.0,0.0,149.0
274,2020-01-06-OAK,10.0,0.0,0.0,0.0,91.5
275,2020-01-06-SFO,16.0,0.0,0.0,0.0,103.0
276,2020-01-06-SJC,21.0,0.0,0.0,0.0,103.0
277,2020-01-06-SLC,26.0,0.0,0.0,0.0,17.0
278,2020-01-06-PDX,81.0,56.0,0.0,0.0,80.0
279,2020-01-06-SEA,73.0,302.0,0.0,0.0,71.0
280,2020-01-06-IND,21.0,0.0,0.0,0.0,25.5
281,2020-01-06-RSW,13.0,0.0,0.0,0.0,111.0
282,2020-01-06-DEN,55.0,0.0,0.0,0.0,-2.0
283,2020-01-06-SNA,17.0,0.0,0.0,0.0,197.5
284,2020-01-06-SMF,17.0,0.0,0.0,0.0,83.0
285,2020-01-06-BWI,27.0,0.0,0.0,0.0,49.0
286,2020-01-06-IAD,33.0,0.0,0.0,0.0,34.0
287,2020-01-06-CVG,25.0,0.0,0.0,0.0,37.0
288,2020-01-06-CMH,7.0,0.0,0.0,0.0,103.0
289,2020-01-06-PHL,33.0,0.0,0.0,0.0,64.0
290,2020-01-06-JFK,62.0,8.0,8.0,0.0,31.0
291,2020-01-06-PIT,47.0,0.0,0.0,0.0,29.0
292,2020-01-06-ORD,43.0,0.0,0.0,0.0,10.0
293,2020-01-06-DTW,68.0,0.0,0.0,0.0,33.0
294,2020-01-07-DFW,27.0,0.0,0.0,0.0,99.0
295,2020-01-07-CLE,46.0,0.0,0.0,0.0,36.0
296,2020-01-07-MCO,24.0,0.0,0.0,0.0,145.0
297,2020-01-07-MIA,15.0,0.0,0.0,0.0,209.0
298,2020-01-07-TPA,20.0,0.0,0.0,0.0,153.0
299,2020-01-07-FLL,26.0,0.0,0.0,0.0,194.0
300,2020-01-07-MSY,39.0,0.0,0.0,0.0,161.0
301,2020-01-07-HOU,34.0,0.0,0.0,0.0,156.0
302,2020-01-07-SAT,36.0,0.0,0.0,0.0,149.0
303,2020-01-07-IAH,26.0,0.0,0.0,0.0,156.0
304,2020-01-07-RDU,23.0,18.0,0.0,0.0,53.0
305,2020-01-07-DCA,23.0,81.0,0.0,0.0,41.0
306,2020-01-07-ATL,57.0,5.0,0.0,0.0,118.0
307,2020-01-07-CLT,26.0,23.0,0.0,0.0,83.0
308,2020-01-07-BNA,31.0,0.0,0.0,0.0,79.0
309,2020-01-07-AUS,16.0,0.0,0.0,0.0,125.0
310,2020-01-07-DAL,20.0,0.0,0.0,0.0,105.0
311,2020-01-07-MCI,29.0,0.0,0.0,0.0,53.5
312,2020-01-07-STL,47.0,0.0,0.0,0.0,43.0
313,2020-01-07-LGA,39.0,0.0,0.0,0.0,51.0
314,2020-01-07-EWR,32.0,0.0,0.0,0.0,41.0
315,2020-01-07-BOS,41.0,0.0,0.0,0.0,32.0
316,2020-01-07-MKE,55.0,0.0,0.0,0.0,19.0
317,2020-01-07-MSP,54.0,0.0,0.0,80.0,-23.0
318,2020-01-07-HNL,92.0,0.0,0.0,0.0,253.0
319,2020-01-07-LAS,28.0,0.0,0.0,0.0,25.5
320,2020-01-07-LAX,35.0,0.0,0.0,0.0,189.0
321,2020-01-07-PHX,19.0,0.0,0.0,0.0,142.0
322,2020-01-07-SAN,12.0,0.0,0.0,0.0,149.0
323,2020-01-07-OAK,25.0,0.0,0.0,0.0,86.0
324,2020-01-07-SFO,31.0,8.0,0.0,0.0,99.0
325,2020-01-07-SJC,20.0,0.0,0.0,0.0,86.0
326,2020-01-07-SLC,47.0,0.0,0.0,0.0,39.0
327,2020-01-07-PDX,69.0,28.0,0.0,0.0,113.0
328,2020-01-07-SEA,67.0,71.0,0.0,0.0,105.0
329,2020-01-07-IND,29.0,0.0,0.0,0.0,17.0
330,2020-01-07-RSW,30.0,0.0,0.0,0.0,114.0
331,2020-01-07-DEN,29.0,0.0,0.0,0.0,59.0
332,2020-01-07-SNA,9.0,0.0,0.0,0.0,175.0
333,2020-01-07-SMF,27.0,0.0,0.0,0.0,50.0
334,2020-01-07-BWI,21.0,107.0,38.0,0.0,28.0
335,2020-01-07-IAD,22.0,81.0,51.0,0.0,7.0
336,2020-01-07-CVG,32.0,0.0,0.0,0.0,31.0
337,2020-01-07-CMH,36.0,0.0,0.0,0.0,114.0
338,2020-01-07-PHL,26.0,20.0,0.0,0.0,36.5
339,2020-01-07-JFK,38.0,8.0,0.0,0.0,46.0
340,2020-01-07-PIT,18.0,0.0,0.0,0.0,3.0
341,2020-01-07-ORD,48.0,0.0,0.0,0.0,11.0
342,2020-01-07-DTW,43.0,8.0,13.0,0.0,14.0
343,2020-01-08-DFW,61.0,0.0,0.0,0.0,98.0
344,2020-01-08-CLE,88.0,0.0,0.0,0.0,-2.5
345,2020-01-08-MCO,43.0,0.0,0.0,0.0,154.0
346,2020-01-08-MIA,33.0,0.0,0.0,0.0,203.0
347,2020-01-08-TPA,33.0,0.0,0.0,0.0,157.0
348,2020-01-08-FLL,45.0,0.0,0.0,0.0,187.0
349,2020-01-08-MSY,31.0,0.0,0.0,0.0,126.0
350,2020-01-08-HOU,40.0,0.0,0.0,0.0,117.0
351,2020-01-08-SAT,47.0,0.0,0.0,0.0,99.0
352,2020-01-08-IAH,43.0,0.0,0.0,0.0,97.0
353,2020-01-08-RDU,27.0,0.0,0.0,0.0,54.0
354,2020-01-08-DCA,53.0,0.0,0.0,0.0,30.0
355,2020-01-08-ATL,30.0,0.0,0.0,0.0,85.0
356,2020-01-08-CLT,24.0,0.0,0.0,0.0,69.0
357,2020-01-08-BNA,18.0,0.0,0.0,0.0,78.0
358,2020-01-08-AUS,38.0,0.0,0.0,0.0,69.0
359,2020-01-08-DAL,48.0,0.0,0.0,0.0,118.0
360,2020-01-08-MCI,42.0,0.0,0.0,0.0,56.0
361,2020-01-08-STL,47.0,0.0,0.0,0.0,34.0
362,2020-01-08-LGA,80.0,0.0,0.0,0.0,25.0
363,2020-01-08-EWR,76.0,0.0,0.0,0.0,24.0
364,2020-01-08-BOS,63.0,5.0,3.0,0.0,34.0
365,2020-01-08-MKE,54.0,0.0,0.0,0.0,-61.0
366,2020-01-08-MSP,52.0,0.0,0.0,80.0,-144.0
367,2020-01-08-HNL,70.0,0.0,0.0,0.0,241.0
368,2020-01-08-LAS,60.0,0.0,0.0,0.0,36.5
369,2020-01-08-LAX,26.0,0.0,0.0,0.0,146.0
370,2020-01-08-PHX,25.0,0.0,0.0,0.0,139.0
371,2020-01-08-SAN,23.0,0.0,0.0,0.0,132.0
372,2020-01-08-OAK,28.0,0.0,0.0,0.0,108.5
373,2020-01-08-SFO,41.0,0.0,0.0,0.0,117.0
374,2020-01-08-SJC,23.0,0.0,0.0,0.0,108.5
375,2020-01-08-SLC,20.0,20.0,15.0,0.0,31.0
376,2020-01-08-PDX,21.0,81.0,0.0,0.0,82.0
377,2020-01-08-SEA,54.0,10.0,0.0,0.0,73.0
378,2020-01-08-IND,38.0,0.0,0.0,0.0,-5.0
379,2020-01-08-RSW,21.0,0.0,0.0,0.0,94.5
380,2020-01-08-DEN,52.0,0.0,0.0,0.0,75.5
381,2020-01-08-SNA,22.0,0.0,0.0,0.0,138.5
382,2020-01-08-SMF,26.0,0.0,0.0,0.0,69.5
383,2020-01-08-BWI,47.0,0.0,0.0,30.0,20.0
384,2020-01-08-IAD,42.0,0.0,0.0,50.0,6.0
385,2020-01-08-CVG,46.0,0.0,0.0,0.0,25.0
386,2020-01-08-CMH,9.0,0.0,0.0,0.0,89.0
387,2020-01-08-PHL,62.0,0.0,0.0,0.0,23.0
388,2020-01-08-JFK,93.0,0.0,0.0,0.0,26.0
389,2020-01-08-PIT,65.0,5.0,10.0,0.0,2.0
390,2020-01-08-ORD,50.0,0.0,0.0,0.0,-45.0
391,2020-01-08-DTW,51.0,13.0,15.0,30.0,-27.0
392,2020-01-09-DFW,72.0,0.0,0.0,0.0,162.0
393,2020-01-09-CLE,72.0,3.0,0.0,0.0,36.5
394,2020-01-09-MCO,43.0,0.0,0.0,0.0,164.0
395,2020-01-09-MIA,84.0,0.0,0.0,0.0,235.0
396,2020-01-09-TPA,44.0,0.0,0.0,0.0,171.0
397,2020-01-09-FLL,98.0,0.0,0.0,0.0,229.0
398,2020-01-09-MSY,55.0,0.0,0.0,0.0,163.0
399,2020-01-09-HOU,62.0,3.0,0.0,0.0,191.0
400,2020-01-09-SAT,54.0,0.0,0.0,0.0,198.0
401,2020-01-09-IAH,60.0,0.0,0.0,0.0,186.0
402,2020-01-09-RDU,27.0,0.0,0.0,0.0,49.0
403,2020-01-09-DCA,37.0,0.0,0.0,0.0,11.0
404,2020-01-09-ATL,34.0,0.0,0.0,0.0,96.0
405,2020-01-09-CLT,29.0,0.0,0.0,0.0,74.0
406,2020-01-09-BNA,59.0,0.0,0.0,0.0,88.0
407,2020-01-09-AUS,66.0,0.0,0.0,0.0,196.0
408,2020-01-09-DAL,54.0,0.0,0.0,0.0,166.0
409,2020-01-09-MCI,72.0,0.0,0.0,0.0,130.5
410,2020-01-09-STL,62.0,193.0,0.0,0.0,88.0
411,2020-01-09-LGA,49.0,0.0,0.0,0.0,-18.0
412,2020-01-09-EWR,38.0,0.0,0.0,0.0,-17.0
413,2020-01-09-BOS,59.0,0.0,0.0,0.0,-16.0
414,2020-01-09-MKE,80.0,15.0,0.0,0.0,3.0
415,2020-01-09-MSP,53.0,0.0,0.0,80.0,-51.0
416,2020-01-09-HNL,85.0,5.0,0.0,0.0,241.0
417,2020-01-09-LAS,62.0,0.0,0.0,0.0,14.0
418,2020-01-09-LAX,34.0,0.0,0.0,0.0,139.0
419,2020-01-09-PHX,34.0,0.0,0.0,0.0,124.0
420,2020-01-09-SAN,35.0,13.0,0.0,0.0,152.0
421,2020-01-09-OAK,40.0,43.0,0.0,0.0,97.0
422,2020-01-09-SFO,44.0,38.0,0.0,0.0,115.0
423,2020-01-09-SJC,39.0,18.0,0.0,0.0,100.0
424,2020-01-09-SLC,30.0,20.0,20.0,0.0,18.0
425,2020-01-09-PDX,20.0,0.0,0.0,0.0,42.0
426,2020-01-09-SEA,18.0,15.0,0.0,0.0,22.0
427,2020-01-09-IND,39.0,23.0,0.0,0.0,50.5
428,2020-01-09-RSW,40.0,0.0,0.0,0.0,141.5
429,2020-01-09-DEN,31.0,0.0,0.0,0.0,11.5
430,2020-01-09-SNA,23.0,0.0,0.0,0.0,141.5
431,2020-01-09-SMF,34.0,122.0,0.0,0.0,75.0
432,2020-01-09-BWI,17.0,0.0,0.0,0.0,-6.0
433,2020-01-09-IAD,31.0,0.0,0.0,0.0,-3.0
434,2020-01-09-CVG,59.0,0.0,0.0,0.0,31.0
435,2020-01-09-CMH,30.0,0.0,0.0,0.0,105.5
436,2020-01-09-PHL,25.0,0.0,0.0,0.0,-7.5
437,2020-01-09-JFK,50.0,0.0,0.0,0.0,-17.0
438,2020-01-09-PIT,28.0,0.0,0.0,0.0,-37.0
439,2020-01-09-ORD,72.0,5.0,0.0,0.0,0.0
440,2020-01-09-DTW,51.0,0.0,0.0,30.0,-39.0
441,2020-01-10-DFW,68.0,373.0,0.0,0.0,197.0
442,2020-01-10-CLE,74.0,140.0,0.0,0.0,103.0
443,2020-01-10-MCO,45.0,0.0,0.0,0.0,211.0
444,2020-01-10-MIA,95.0,0.0,0.0,0.0,248.0
445,2020-01-10-TPA,59.0,0.0,0.0,0.0,224.0
446,2020-01-10-FLL,102.0,0.0,0.0,0.0,241.0
447,2020-01-10-MSY,67.0,43.0,0.0,0.0,218.0
448,2020-01-10-HOU,92.0,8.0,0.0,0.0,223.0
449,2020-01-10-SAT,60.0,107.0,0.0,0.0,217.0
450,2020-01-10-IAH,81.0,48.0,0.0,0.0,226.0
451,2020-01-10-RDU,20.0,0.0,0.0,0.0,93.0
452,2020-01-10-DCA,40.0,0.0,0.0,0.0,52.0
453,2020-01-10-ATL,46.0,0.0,0.0,0.0,142.0
454,2020-01-10-CLT,21.0,0.0,0.0,0.0,105.0
455,2020-01-10-BNA,70.0,18.0,0.0,0.0,163.0
456,2020-01-10-AUS,68.0,109.0,0.0,0.0,223.0
457,2020-01-10-DAL,52.0,279.0,0.0,0.0,201.0
458,2020-01-10-MCI,52.0,221.0,0.0,0.0,17.5
459,2020-01-10-STL,51.0,549.0,0.0,0.0,132.0
460,2020-01-10-LGA,42.0,0.0,0.0,0.0,45.0
461,2020-01-10-EWR,38.0,0.0,0.0,0.0,35.0
462,2020-01-10-BOS,62.0,0.0,0.0,0.0,32.0
463,2020-01-10-MKE,47.0,119.0,0.0,0.0,62.0
464,2020-01-10-MSP,53.0,0.0,0.0,80.0,-57.0
465,2020-01-10-HNL,77.0,48.0,0.0,0.0,239.0
466,2020-01-10-LAS,43.0,0.0,0.0,0.0,-49.5
467,2020-01-10-LAX,22.0,0.0,0.0,0.0,137.0
468,2020-01-10-PHX,26.0,0.0,0.0,0.0,117.0
469,2020-01-10-SAN,15.0,0.0,0.0,0.0,131.0
470,2020-01-10-OAK,26.0,0.0,0.0,0.0,88.5
471,2020-01-10-SFO,24.0,0.0,0.0,0.0,92.0
472,2020-01-10-SJC,17.0,0.0,0.0,0.0,94.5
473,2020-01-10-SLC,25.0,3.0,5.0,0.0,-10.0
474,2020-01-10-PDX,58.0,104.0,0.0,0.0,55.0
475,2020-01-10-SEA,58.0,127.0,0.0,0.0,34.0
476,2020-01-10-IND,35.0,340.0,0.0,0.0,100.0
477,2020-01-10-RSW,45.0,0.0,0.0,0.0,194.5
478,2020-01-10-DEN,33.0,0.0,0.0,0.0,-46.5
479,2020-01-10-SNA,14.0,0.0,0.0,0.0,136.0
480,2020-01-10-SMF,33.0,0.0,0.0,0.0,61.5
481,2020-01-10-BWI,17.0,0.0,0.0,0.0,47.0
482,2020-01-10-IAD,36.0,0.0,0.0,0.0,48.0
483,2020-01-10-CVG,41.0,180.0,0.0,0.0,118.0
484,2020-01-10-CMH,41.0,0.0,0.0,0.0,183.5
485,2020-01-10-PHL,18.0,0.0,0.0,0.0,59.0
486,2020-01-10-JFK,35.0,0.0,0.0,0.0,39.0
487,2020-01-10-PIT,23.0,36.0,0.0,0.0,81.0
488,2020-01-10-ORD,51.0,213.0,0.0,0.0,79.0
489,2020-01-10-DTW,43.0,81.0,0.0,0.0,78.0
490,2020-01-11-DFW,61.0,18.0,5.0,0.0,59.0
491,2020-01-11-CLE,63.0,25.0,0.0,0.0,127.5
492,2020-01-11-MCO,48.0,3.0,0.0,0.0,240.0
493,2020-01-11-MIA,74.0,5.0,0.0,0.0,256.0
494,2020-01-11-TPA,52.0,0.0,0.0,0.0,241.0
495,2020-01-11-FLL,86.0,10.0,0.0,0.0,251.0
496,2020-01-11-MSY,51.0,152.0,0.0,0.0,223.0
497,2020-01-11-HOU,49.0,249.0,0.0,0.0,160.0
498,2020-01-11-SAT,40.0,0.0,0.0,0.0,143.0
499,2020-01-11-IAH,47.0,234.0,0.0,0.0,162.0
500,2020-01-11-RDU,58.0,5.0,0.0,0.0,178.0
501,2020-01-11-DCA,61.0,0.0,0.0,0.0,142.0
502,2020-01-11-ATL,64.0,325.0,0.0,0.0,181.0
503,2020-01-11-CLT,72.0,142.0,0.0,0.0,167.0
504,2020-01-11-BNA,71.0,384.0,0.0,0.0,179.0
505,2020-01-11-AUS,41.0,5.0,0.0,0.0,139.0
506,2020-01-11-DAL,63.0,20.0,0.0,0.0,69.0
507,2020-01-11-MCI,38.0,20.0,0.0,0.0,-68.0
508,2020-01-11-STL,52.0,358.0,64.0,0.0,63.0
509,2020-01-11-LGA,46.0,0.0,0.0,0.0,127.0
510,2020-01-11-EWR,55.0,0.0,0.0,0.0,142.0
511,2020-01-11-BOS,81.0,0.0,0.0,0.0,139.0
512,2020-01-11-MKE,98.0,61.0,46.0,0.0,5.0
513,2020-01-11-MSP,46.0,0.0,0.0,80.0,-133.0
514,2020-01-11-HNL,62.0,15.0,0.0,0.0,244.0
515,2020-01-11-LAS,51.0,0.0,0.0,0.0,-16.0
516,2020-01-11-LAX,23.0,0.0,0.0,0.0,133.0
517,2020-01-11-PHX,22.0,0.0,0.0,0.0,107.0
518,2020-01-11-SAN,16.0,0.0,0.0,0.0,122.0
519,2020-01-11-OAK,26.0,8.0,0.0,0.0,103.0
520,2020-01-11-SFO,47.0,8.0,0.0,0.0,112.0
521,2020-01-11-SJC,26.0,3.0,0.0,0.0,97.5
522,2020-01-11-SLC,34.0,13.0,18.0,0.0,-6.0
523,2020-01-11-PDX,51.0,48.0,0.0,0.0,78.0
524,2020-01-11-SEA,65.0,23.0,0.0,0.0,68.0
525,2020-01-11-IND,45.0,267.0,0.0,0.0,100.0
526,2020-01-11-RSW,70.0,175.0,0.0,0.0,205.5
527,2020-01-11-DEN,27.0,0.0,0.0,0.0,-19.0
528,2020-01-11-SNA,23.0,0.0,0.0,0.0,130.5
529,2020-01-11-SMF,29.0,3.0,0.0,0.0,91.5
530,2020-01-11-BWI,37.0,0.0,0.0,0.0,129.0
531,2020-01-11-IAD,57.0,3.0,0.0,0.0,148.0
532,2020-01-11-CVG,82.0,173.0,0.0,0.0,154.0
533,2020-01-11-CMH,52.0,373.0,0.0,0.0,205.5
534,2020-01-11-PHL,31.0,0.0,0.0,0.0,155.5
535,2020-01-11-JFK,80.0,0.0,0.0,0.0,100.0
536,2020-01-11-PIT,46.0,20.0,0.0,0.0,148.0
537,2020-01-11-ORD,112.0,94.0,53.0,0.0,13.0
538,2020-01-11-DTW,60.0,523.0,0.0,0.0,78.0
539,2020-01-12-DFW,40.0,0.0,0.0,0.0,35.0
540,2020-01-12-CLE,62.0,5.0,0.0,0.0,81.0
541,2020-01-12-MCO,31.0,5.0,0.0,0.0,239.0
542,2020-01-12-MIA,61.0,0.0,0.0,0.0,256.0
543,2020-01-12-TPA,23.0,0.0,0.0,0.0,236.0
544,2020-01-12-FLL,70.0,8.0,0.0,0.0,250.0
545,2020-01-12-MSY,26.0,13.0,0.0,0.0,137.0
546,2020-01-12-HOU,30.0,0.0,0.0,0.0,82.0
547,2020-01-12-SAT,12.0,0.0,0.0,0.0,92.0
548,2020-01-12-IAH,26.0,0.0,0.0,0.0,59.0
549,2020-01-12-RDU,41.0,79.0,0.0,0.0,198.0
550,2020-01-12-DCA,54.0,97.0,0.0,0.0,187.0
551,2020-01-12-ATL,19.0,0.0,0.0,0.0,154.0
552,2020-01-12-CLT,38.0,0.0,0.0,0.0,189.0
553,2020-01-12-BNA,17.0,0.0,0.0,0.0,88.0
554,2020-01-12-AUS,15.0,0.0,0.0,0.0,61.0
555,2020-01-12-DAL,38.0,0.0,0.0,0.0,50.0
556,2020-01-12-MCI,26.0,0.0,0.0,0.0,-33.0
557,2020-01-12-STL,38.0,0.0,0.0,80.0,-20.0
558,2020-01-12-LGA,73.0,15.0,0.0,0.0,157.0
559,2020-01-12-EWR,88.0,10.0,0.0,0.0,181.0
560,2020-01-12-BOS,93.0,5.0,0.0,0.0,187.0
561,2020-01-12-MKE,30.0,18.0,20.0,50.0,-42.0
562,2020-01-12-MSP,38.0,28.0,20.0,80.0,-101.0
563,2020-01-12-HNL,46.0,142.0,0.0,0.0,242.0
564,2020-01-12-LAS,60.0,0.0,0.0,0.0,11.5
565,2020-01-12-LAX,25.0,0.0,0.0,0.0,133.0
566,2020-01-12-PHX,21.0,0.0,0.0,0.0,106.0
567,2020-01-12-SAN,17.0,0.0,0.0,0.0,143.0
568,2020-01-12-OAK,25.0,0.0,0.0,0.0,80.5
569,2020-01-12-SFO,35.0,3.0,0.0,0.0,97.0
570,2020-01-12-SJC,18.0,0.0,0.0,0.0,78.0
571,2020-01-12-SLC,27.0,30.0,66.0,50.0,-2.0
572,2020-01-12-PDX,60.0,66.0,0.0,0.0,66.0
573,2020-01-12-SEA,68.0,46.0,0.0,0.0,53.0
574,2020-01-12-IND,22.0,5.0,0.0,0.0,17.0
575,2020-01-12-RSW,21.0,0.0,0.0,0.0,197.0
576,2020-01-12-DEN,25.0,0.0,0.0,0.0,-16.0
577,2020-01-12-SNA,13.0,0.0,0.0,0.0,136.0
578,2020-01-12-SMF,32.0,0.0,0.0,0.0,64.0
579,2020-01-12-BWI,50.0,74.0,0.0,0.0,191.0
580,2020-01-12-IAD,49.0,97.0,0.0,0.0,182.0
581,2020-01-12-CVG,30.0,0.0,0.0,0.0,61.0
582,2020-01-12-CMH,4.0,5.0,0.0,0.0,156.0
583,2020-01-12-PHL,63.0,41.0,0.0,0.0,144.5
584,2020-01-12-JFK,89.0,8.0,0.0,0.0,143.0
585,2020-01-12-PIT,50.0,0.0,0.0,0.0,97.0
586,2020-01-12-ORD,29.0,0.0,0.0,50.0,-31.0
587,2020-01-12-DTW,34.0,46.0,8.0,0.0,-15.0
588,2020-01-13-DFW,36.0,0.0,0.0,0.0,86.0
589,2020-01-13-CLE,37.0,0.0,0.0,0.0,44.5
590,2020-01-13-MCO,35.0,0.0,0.0,0.0,236.0
591,2020-01-13-MIA,62.0,0.0,0.0,0.0,253.0
592,2020-01-13-TPA,26.0,0.0,0.0,0.0,244.0
593,2020-01-13-FLL,66.0,0.0,0.0,0.0,248.0
594,2020-01-13-MSY,16.0,61.0,0.0,0.0,172.0
595,2020-01-13-HOU,32.0,61.0,0.0,0.0,141.0
596,2020-01-13-SAT,9.0,13.0,0.0,0.0,135.0
597,2020-01-13-IAH,28.0,28.0,0.0,0.0,122.0
598,2020-01-13-RDU,24.0,117.0,0.0,0.0,185.0
599,2020-01-13-DCA,18.0,0.0,0.0,0.0,97.0
600,2020-01-13-ATL,25.0,485.0,0.0,0.0,169.0
601,2020-01-13-CLT,19.0,196.0,0.0,0.0,167.0
602,2020-01-13-BNA,13.0,0.0,0.0,0.0,75.0
603,2020-01-13-AUS,11.0,20.0,0.0,0.0,119.0
604,2020-01-13-DAL,33.0,0.0,0.0,0.0,102.0
605,2020-01-13-MCI,26.0,0.0,0.0,0.0,14.5
606,2020-01-13-STL,38.0,0.0,0.0,50.0,7.0
607,2020-01-13-LGA,40.0,0.0,0.0,0.0,61.0
608,2020-01-13-EWR,29.0,0.0,0.0,0.0,61.0
609,2020-01-13-BOS,41.0,3.0,0.0,0.0,51.0
610,2020-01-13-MKE,32.0,5.0,10.0,50.0,-1.0
611,2020-01-13-MSP,38.0,25.0,25.0,100.0,-64.0
612,2020-01-13-HNL,60.0,0.0,0.0,0.0,245.0
613,2020-01-13-LAS,89.0,0.0,0.0,0.0,20.0
614,2020-01-13-LAX,25.0,0.0,0.0,0.0,134.0
615,2020-01-13-PHX,20.0,0.0,0.0,0.0,114.0
616,2020-01-13-SAN,20.0,0.0,0.0,0.0,140.0
617,2020-01-13-OAK,39.0,20.0,0.0,0.0,105.5
618,2020-01-13-SFO,31.0,13.0,0.0,0.0,106.0
619,2020-01-13-SJC,17.0,8.0,0.0,0.0,91.5
620,2020-01-13-SLC,32.0,15.0,20.0,50.0,-1.0
621,2020-01-13-PDX,31.0,46.0,0.0,0.0,42.0
622,2020-01-13-SEA,43.0,23.0,5.0,0.0,19.0
623,2020-01-13-IND,25.0,0.0,0.0,0.0,25.0
624,2020-01-13-RSW,38.0,0.0,0.0,0.0,216.5
625,2020-01-13-DEN,36.0,0.0,0.0,0.0,-2.0
626,2020-01-13-SNA,13.0,0.0,0.0,0.0,144.5
627,2020-01-13-SMF,53.0,0.0,0.0,0.0,97.5
628,2020-01-13-BWI,15.0,0.0,0.0,0.0,91.0
629,2020-01-13-IAD,14.0,0.0,0.0,0.0,77.0
630,2020-01-13-CVG,22.0,0.0,0.0,0.0,58.0
631,2020-01-13-CMH,13.0,508.0,0.0,0.0,192.0
632,2020-01-13-PHL,18.0,0.0,0.0,0.0,63.5
633,2020-01-13-JFK,31.0,0.0,0.0,0.0,68.0
634,2020-01-13-PIT,21.0,0.0,0.0,0.0,41.0
635,2020-01-13-ORD,37.0,0.0,5.0,50.0,-5.0
636,2020-01-13-DTW,26.0,3.0,8.0,0.0,-2.0
637,2020-01-14-DFW,32.0,0.0,0.0,0.0,164.0
638,2020-01-14-CLE,44.0,0.0,0.0,0.0,64.0
639,2020-01-14-MCO,21.0,0.0,0.0,0.0,225.0
640,2020-01-14-MIA,54.0,5.0,0.0,0.0,254.0
641,2020-01-14-TPA,29.0,0.0,0.0,0.0,236.0
642,2020-01-14-FLL,60.0,0.0,0.0,0.0,250.0
643,2020-01-14-MSY,26.0,0.0,0.0,0.0,219.0
644,2020-01-14-HOU,45.0,33.0,0.0,0.0,216.0
645,2020-01-14-SAT,16.0,3.0,0.0,0.0,181.0
646,2020-01-14-IAH,20.0,61.0,0.0,0.0,204.0
647,2020-01-14-RDU,24.0,86.0,0.0,0.0,184.0
648,2020-01-14-DCA,17.0,10.0,0.0,0.0,82.0
649,2020-01-14-ATL,21.0,168.0,0.0,0.0,171.0
650,2020-01-14-CLT,25.0,81.0,0.0,0.0,171.0
651,2020-01-14-BNA,19.0,160.0,0.0,0.0,137.0
652,2020-01-14-AUS,14.0,0.0,0.0,0.0,174.0
653,2020-01-14-DAL,25.0,0.0,0.0,0.0,170.0
654,2020-01-14-MCI,21.0,0.0,0.0,0.0,50.0
655,2020-01-14-STL,15.0,0.0,0.0,0.0,43.0
656,2020-01-14-LGA,30.0,18.0,0.0,0.0,51.0
657,2020-01-14-EWR,20.0,5.0,0.0,0.0,53.0
658,2020-01-14-BOS,25.0,0.0,0.0,0.0,39.0
659,2020-01-14-MKE,40.0,0.0,0.0,30.0,16.0
660,2020-01-14-MSP,41.0,3.0,0.0,130.0,-23.0
661,2020-01-14-HNL,68.0,0.0,0.0,0.0,252.0
662,2020-01-14-LAS,72.0,0.0,0.0,0.0,64.0
663,2020-01-14-LAX,23.0,0.0,0.0,0.0,129.0
664,2020-01-14-PHX,19.0,0.0,0.0,0.0,128.0
665,2020-01-14-SAN,13.0,0.0,0.0,0.0,138.0
666,2020-01-14-OAK,41.0,10.0,0.0,0.0,94.5
667,2020-01-14-SFO,43.0,3.0,0.0,0.0,113.0
668,2020-01-14-SJC,26.0,18.0,0.0,0.0,86.0
669,2020-01-14-SLC,56.0,23.0,30.0,50.0,24.0
670,2020-01-14-PDX,29.0,10.0,0.0,0.0,32.0
671,2020-01-14-SEA,47.0,3.0,13.0,0.0,-9.0
672,2020-01-14-IND,15.0,0.0,0.0,0.0,36.5
673,2020-01-14-RSW,23.0,3.0,0.0,0.0,216.5
674,2020-01-14-DEN,66.0,0.0,0.0,0.0,53.5
675,2020-01-14-SNA,10.0,0.0,0.0,0.0,136.0
676,2020-01-14-SMF,39.0,3.0,0.0,0.0,88.5
677,2020-01-14-BWI,13.0,15.0,0.0,0.0,63.0
678,2020-01-14-IAD,9.0,20.0,0.0,0.0,61.0
679,2020-01-14-CVG,28.0,0.0,0.0,0.0,71.0
680,2020-01-14-CMH,16.0,226.0,0.0,0.0,186.5
681,2020-01-14-PHL,17.0,0.0,0.0,0.0,55.5
682,2020-01-14-JFK,23.0,8.0,0.0,0.0,54.0
683,2020-01-14-PIT,23.0,0.0,0.0,0.0,45.0
684,2020-01-14-ORD,38.0,0.0,0.0,30.0,15.0
685,2020-01-14-DTW,37.0,0.0,0.0,0.0,26.0
686,2020-01-15-DFW,47.0,0.0,0.0,0.0,198.0
687,2020-01-15-CLE,32.0,10.0,0.0,0.0,58.5
688,2020-01-15-MCO,22.0,0.0,0.0,0.0,234.0
689,2020-01-15-MIA,35.0,0.0,0.0,0.0,241.0
690,2020-01-15-TPA,20.0,0.0,0.0,0.0,234.0
691,2020-01-15-FLL,42.0,0.0,0.0,0.0,234.0
692,2020-01-15-MSY,21.0,0.0,0.0,0.0,229.0
693,2020-01-15-HOU,40.0,0.0,0.0,0.0,229.0
694,2020-01-15-SAT,40.0,0.0,0.0,0.0,222.0
695,2020-01-15-IAH,31.0,0.0,0.0,0.0,229.0
696,2020-01-15-RDU,20.0,0.0,0.0,0.0,165.0
697,2020-01-15-DCA,25.0,0.0,0.0,0.0,96.0
698,2020-01-15-ATL,20.0,0.0,0.0,0.0,168.0
699,2020-01-15-CLT,12.0,0.0,0.0,0.0,158.0
700,2020-01-15-BNA,33.0,8.0,0.0,0.0,168.0
701,2020-01-15-AUS,38.0,3.0,0.0,0.0,223.0
702,2020-01-15-DAL,33.0,0.0,0.0,0.0,208.0
703,2020-01-15-MCI,44.0,0.0,0.0,0.0,11.5
704,2020-01-15-STL,40.0,3.0,0.0,0.0,85.0
705,2020-01-15-LGA,38.0,0.0,0.0,0.0,69.0
706,2020-01-15-EWR,31.0,0.0,0.0,0.0,75.0
707,2020-01-15-BOS,38.0,0.0,0.0,0.0,69.0
708,2020-01-15-MKE,31.0,3.0,0.0,0.0,3.0
709,2020-01-15-MSP,42.0,3.0,0.0,130.0,-72.0
710,2020-01-15-HNL,52.0,0.0,0.0,0.0,243.0
711,2020-01-15-LAS,44.0,0.0,0.0,0.0,36.5
712,2020-01-15-LAX,23.0,0.0,0.0,0.0,129.0
713,2020-01-15-PHX,13.0,0.0,0.0,0.0,138.0
714,2020-01-15-SAN,12.0,0.0,0.0,0.0,126.0
715,2020-01-15-OAK,23.0,0.0,0.0,0.0,72.5
716,2020-01-15-SFO,23.0,0.0,0.0,0.0,83.0
717,2020-01-15-SJC,17.0,0.0,0.0,0.0,69.5
718,2020-01-15-SLC,24.0,0.0,0.0,80.0,-23.0
719,2020-01-15-PDX,73.0,58.0,0.0,0.0,16.0
720,2020-01-15-SEA,70.0,3.0,0.0,0.0,17.0
721,2020-01-15-IND,33.0,0.0,0.0,0.0,44.5
722,2020-01-15-RSW,26.0,0.0,0.0,0.0,211.5
723,2020-01-15-DEN,47.0,0.0,0.0,0.0,3.0
724,2020-01-15-SNA,11.0,0.0,0.0,0.0,138.5
725,2020-01-15-SMF,28.0,0.0,0.0,0.0,64.0
726,2020-01-15-BWI,20.0,0.0,0.0,0.0,88.0
727,2020-01-15-IAD,19.0,0.0,0.0,0.0,84.0
728,2020-01-15-CVG,39.0,0.0,0.0,0.0,63.0
729,2020-01-15-CMH,9.0,0.0,0.0,0.0,167.0
730,2020-01-15-PHL,21.0,0.0,0.0,0.0,86.0
731,2020-01-15-JFK,42.0,0.0,0.0,0.0,76.0
732,2020-01-15-PIT,23.0,5.0,0.0,0.0,49.0
733,2020-01-15-ORD,36.0,0.0,0.0,0.0,-2.0
734,2020-01-15-DTW,22.0,8.0,0.0,0.0,20.0
735,2020-01-16-DFW,62.0,533.0,0.0,0.0,127.0
736,2020-01-16-CLE,107.0,0.0,0.0,0.0,11.5
737,2020-01-16-MCO,25.0,0.0,0.0,0.0,230.0
738,2020-01-16-MIA,22.0,0.0,0.0,0.0,232.0
739,2020-01-16-TPA,22.0,0.0,0.0,0.0,224.0
740,2020-01-16-FLL,25.0,0.0,0.0,0.0,233.0
741,2020-01-16-MSY,26.0,0.0,0.0,0.0,218.0
742,2020-01-16-HOU,36.0,0.0,0.0,0.0,210.0
743,2020-01-16-SAT,37.0,84.0,0.0,0.0,205.0
744,2020-01-16-IAH,39.0,3.0,0.0,0.0,220.0
745,2020-01-16-RDU,35.0,0.0,0.0,0.0,164.0
746,2020-01-16-DCA,76.0,0.0,0.0,0.0,105.0
747,2020-01-16-ATL,60.0,155.0,0.0,0.0,168.0
748,2020-01-16-CLT,38.0,0.0,0.0,0.0,164.0
749,2020-01-16-BNA,51.0,0.0,0.0,0.0,113.0
750,2020-01-16-AUS,37.0,89.0,0.0,0.0,188.0
751,2020-01-16-DAL,46.0,1019.0,0.0,0.0,142.0
752,2020-01-16-MCI,44.0,0.0,0.0,0.0,-71.5
753,2020-01-16-STL,43.0,0.0,0.0,0.0,-11.0
754,2020-01-16-LGA,94.0,30.0,0.0,0.0,72.0
755,2020-01-16-EWR,75.0,13.0,0.0,0.0,71.0
756,2020-01-16-BOS,68.0,25.0,0.0,0.0,55.0
757,2020-01-16-MKE,61.0,0.0,0.0,0.0,-49.0
758,2020-01-16-MSP,28.0,0.0,0.0,130.0,-184.0
759,2020-01-16-HNL,16.0,33.0,0.0,0.0,241.0
760,2020-01-16-LAS,27.0,0.0,0.0,0.0,-35.0
761,2020-01-16-LAX,26.0,66.0,0.0,0.0,133.0
762,2020-01-16-PHX,27.0,0.0,0.0,0.0,142.0
763,2020-01-16-SAN,21.0,0.0,0.0,0.0,137.0
764,2020-01-16-OAK,64.0,284.0,0.0,0.0,91.5
765,2020-01-16-SFO,50.0,183.0,0.0,0.0,99.0
766,2020-01-16-SJC,53.0,124.0,0.0,0.0,78.0
767,2020-01-16-SLC,66.0,0.0,0.0,50.0,18.0
768,2020-01-16-PDX,31.0,66.0,0.0,0.0,24.0
769,2020-01-16-SEA,45.0,0.0,0.0,0.0,51.0
770,2020-01-16-IND,58.0,0.0,0.0,0.0,-13.5
771,2020-01-16-RSW,24.0,3.0,0.0,0.0,205.5
772,2020-01-16-DEN,71.0,0.0,0.0,0.0,17.0
773,2020-01-16-SNA,23.0,3.0,0.0,0.0,136.0
774,2020-01-16-SMF,59.0,122.0,0.0,0.0,75.0
775,2020-01-16-BWI,66.0,0.0,0.0,0.0,95.0
776,2020-01-16-IAD,85.0,0.0,0.0,0.0,97.0
777,2020-01-16-CVG,64.0,0.0,0.0,0.0,49.0
778,2020-01-16-CMH,28.0,23.0,0.0,0.0,178.0
779,2020-01-16-PHL,68.0,28.0,0.0,0.0,67.0
780,2020-01-16-JFK,98.0,8.0,0.0,0.0,72.0
781,2020-01-16-PIT,85.0,10.0,13.0,0.0,50.0
782,2020-01-16-ORD,52.0,0.0,0.0,0.0,-40.0
783,2020-01-16-DTW,67.0,0.0,0.0,0.0,9.0
784,2020-01-17-DFW,33.0,71.0,0.0,0.0,98.0
785,2020-01-17-CLE,50.0,0.0,0.0,0.0,-21.0
786,2020-01-17-MCO,60.0,0.0,0.0,0.0,222.0
787,2020-01-17-MIA,50.0,30.0,0.0,0.0,235.0
788,2020-01-17-TPA,43.0,0.0,0.0,0.0,219.0
789,2020-01-17-FLL,63.0,38.0,0.0,0.0,231.0
790,2020-01-17-MSY,51.0,0.0,0.0,0.0,191.0
791,2020-01-17-HOU,55.0,10.0,0.0,0.0,190.0
792,2020-01-17-SAT,40.0,5.0,0.0,0.0,181.0
793,2020-01-17-IAH,55.0,3.0,0.0,0.0,183.0
794,2020-01-17-RDU,31.0,0.0,0.0,0.0,66.0
795,2020-01-17-DCA,61.0,0.0,0.0,0.0,23.0
796,2020-01-17-ATL,48.0,0.0,0.0,0.0,103.0
797,2020-01-17-CLT,44.0,0.0,0.0,0.0,75.0
798,2020-01-17-BNA,43.0,0.0,0.0,0.0,33.0
799,2020-01-17-AUS,17.0,28.0,0.0,0.0,135.0
800,2020-01-17-DAL,44.0,81.0,0.0,0.0,112.0
801,2020-01-17-MCI,43.0,53.0,0.0,0.0,-7.5
802,2020-01-17-STL,57.0,201.0,0.0,0.0,-27.0
803,2020-01-17-LGA,86.0,0.0,0.0,0.0,-15.0
804,2020-01-17-EWR,77.0,0.0,0.0,0.0,-12.0
805,2020-01-17-BOS,90.0,0.0,0.0,0.0,-41.0
806,2020-01-17-MKE,56.0,69.0,109.0,0.0,-81.0
807,2020-01-17-MSP,56.0,89.0,119.0,130.0,-141.0
808,2020-01-17-HNL,51.0,0.0,0.0,0.0,233.0
809,2020-01-17-LAS,106.0,0.0,0.0,0.0,0.5
810,2020-01-17-LAX,22.0,18.0,0.0,0.0,128.0
811,2020-01-17-PHX,22.0,0.0,0.0,0.0,129.0
812,2020-01-17-SAN,22.0,46.0,0.0,0.0,144.0
813,2020-01-17-OAK,25.0,0.0,0.0,0.0,83.5
814,2020-01-17-SFO,19.0,0.0,0.0,0.0,81.0
815,2020-01-17-SJC,17.0,3.0,0.0,0.0,83.0
816,2020-01-17-SLC,52.0,46.0,53.0,0.0,50.0
817,2020-01-17-PDX,43.0,48.0,0.0,0.0,23.0
818,2020-01-17-SEA,31.0,5.0,0.0,0.0,29.0
819,2020-01-17-IND,47.0,0.0,0.0,0.0,-33.0
820,2020-01-17-RSW,43.0,0.0,0.0,0.0,177.5
821,2020-01-17-DEN,54.0,0.0,0.0,0.0,28.0
822,2020-01-17-SNA,14.0,30.0,0.0,0.0,139.0
823,2020-01-17-SMF,28.0,0.0,0.0,0.0,50.0
824,2020-01-17-BWI,45.0,0.0,0.0,0.0,13.0
825,2020-01-17-IAD,57.0,0.0,0.0,0.0,10.0
826,2020-01-17-CVG,56.0,0.0,0.0,0.0,-25.0
827,2020-01-17-CMH,40.0,0.0,0.0,0.0,139.0
828,2020-01-17-PHL,68.0,0.0,0.0,0.0,-16.5
829,2020-01-17-JFK,96.0,0.0,0.0,0.0,-12.0
830,2020-01-17-PIT,37.0,5.0,13.0,30.0,-36.0
831,2020-01-17-ORD,47.0,94.0,79.0,0.0,-73.0
832,2020-01-17-DTW,30.0,0.0,0.0,0.0,-50.0
833,2020-01-18-DFW,72.0,3.0,0.0,0.0,132.0
834,2020-01-18-CLE,94.0,104.0,0.0,0.0,14.5
835,2020-01-18-MCO,46.0,0.0,0.0,0.0,207.0
836,2020-01-18-MIA,74.0,0.0,0.0,0.0,237.0
837,2020-01-18-TPA,28.0,0.0,0.0,0.0,206.0
838,2020-01-18-FLL,84.0,0.0,0.0,0.0,229.0
839,2020-01-18-MSY,38.0,15.0,0.0,0.0,223.0
840,2020-01-18-HOU,40.0,132.0,0.0,0.0,206.0
841,2020-01-18-SAT,43.0,0.0,0.0,0.0,193.0
842,2020-01-18-IAH,30.0,3.0,0.0,0.0,206.0
843,2020-01-18-RDU,29.0,36.0,0.0,0.0,44.0
844,2020-01-18-DCA,51.0,64.0,5.0,0.0,-5.0
845,2020-01-18-ATL,35.0,137.0,0.0,0.0,80.0
846,2020-01-18-CLT,26.0,36.0,0.0,0.0,51.0
847,2020-01-18-BNA,71.0,56.0,0.0,0.0,103.0
848,2020-01-18-AUS,49.0,0.0,0.0,0.0,173.0
849,2020-01-18-DAL,56.0,0.0,0.0,0.0,154.0
850,2020-01-18-MCI,56.0,0.0,0.0,0.0,9.0
851,2020-01-18-STL,82.0,188.0,0.0,0.0,36.0
852,2020-01-18-LGA,39.0,46.0,48.0,0.0,-47.0
853,2020-01-18-EWR,35.0,79.0,46.0,0.0,-47.0
854,2020-01-18-BOS,39.0,71.0,76.0,0.0,-77.0
855,2020-01-18-MKE,69.0,79.0,38.0,130.0,1.0
856,2020-01-18-MSP,67.0,15.0,5.0,230.0,-72.0
857,2020-01-18-HNL,47.0,0.0,0.0,0.0,235.0
858,2020-01-18-LAS,65.0,0.0,0.0,0.0,-30.0
859,2020-01-18-LAX,28.0,0.0,0.0,0.0,142.0
860,2020-01-18-PHX,15.0,0.0,0.0,0.0,126.0
861,2020-01-18-SAN,12.0,0.0,0.0,0.0,134.0
862,2020-01-18-OAK,32.0,0.0,0.0,0.0,102.5
863,2020-01-18-SFO,33.0,0.0,0.0,0.0,96.0
864,2020-01-18-SJC,6.0,0.0,0.0,0.0,86.0
865,2020-01-18-SLC,24.0,0.0,0.0,30.0,-5.0
866,2020-01-18-PDX,67.0,114.0,0.0,0.0,38.0
867,2020-01-18-SEA,44.0,86.0,0.0,0.0,54.0
868,2020-01-18-IND,64.0,142.0,0.0,0.0,6.0
869,2020-01-18-RSW,38.0,127.0,0.0,0.0,167.0
870,2020-01-18-DEN,25.0,0.0,0.0,0.0,-10.5
871,2020-01-18-SNA,8.0,0.0,0.0,0.0,144.5
872,2020-01-18-SMF,28.0,0.0,0.0,0.0,69.5
873,2020-01-18-BWI,27.0,89.0,0.0,0.0,-14.0
874,2020-01-18-IAD,43.0,71.0,8.0,0.0,-21.0
875,2020-01-18-CVG,76.0,175.0,0.0,0.0,39.0
876,2020-01-18-CMH,27.0,53.0,0.0,0.0,117.0
877,2020-01-18-PHL,31.0,69.0,0.0,0.0,-8.0
878,2020-01-18-JFK,47.0,147.0,41.0,0.0,-41.0
879,2020-01-18-PIT,53.0,183.0,36.0,30.0,-13.0
880,2020-01-18-ORD,71.0,102.0,0.0,50.0,-15.0
881,2020-01-18-DTW,72.0,208.0,173.0,130.0,-8.0
882,2020-01-19-DFW,30.0,0.0,0.0,0.0,60.0
883,2020-01-19-CLE,95.0,0.0,0.0,0.0,-38.0
884,2020-01-19-MCO,41.0,0.0,0.0,0.0,213.0
885,2020-01-19-MIA,31.0,0.0,0.0,0.0,235.0
886,2020-01-19-TPA,35.0,0.0,0.0,0.0,209.0
887,2020-01-19-FLL,42.0,0.0,0.0,0.0,236.0
888,2020-01-19-MSY,74.0,0.0,0.0,0.0,162.0
889,2020-01-19-HOU,64.0,0.0,0.0,0.0,132.0
890,2020-01-19-SAT,51.0,0.0,0.0,0.0,112.0
891,2020-01-19-IAH,60.0,0.0,0.0,0.0,130.0
892,2020-01-19-RDU,41.0,3.0,0.0,0.0,96.0
893,2020-01-19-DCA,61.0,0.0,0.0,0.0,49.0
894,2020-01-19-ATL,70.0,3.0,0.0,0.0,91.0
895,2020-01-19-CLT,45.0,3.0,0.0,0.0,88.0
896,2020-01-19-BNA,52.0,0.0,0.0,0.0,36.0
897,2020-01-19-AUS,64.0,0.0,0.0,0.0,101.0
898,2020-01-19-DAL,21.0,0.0,0.0,0.0,73.0
899,2020-01-19-MCI,45.0,0.0,0.0,0.0,-74.0
900,2020-01-19-STL,66.0,0.0,0.0,0.0,-63.0
901,2020-01-19-LGA,75.0,0.0,0.0,0.0,37.0
902,2020-01-19-EWR,67.0,0.0,0.0,0.0,33.0
903,2020-01-19-BOS,60.0,5.0,0.0,0.0,7.0
904,2020-01-19-MKE,65.0,0.0,3.0,130.0,-100.0
905,2020-01-19-MSP,43.0,3.0,13.0,200.0,-151.0
906,2020-01-19-HNL,51.0,0.0,0.0,0.0,236.0
907,2020-01-19-LAS,31.0,0.0,0.0,0.0,0.5
908,2020-01-19-LAX,26.0,0.0,0.0,0.0,166.0
909,2020-01-19-PHX,19.0,0.0,0.0,0.0,151.0
910,2020-01-19-SAN,11.0,0.0,0.0,0.0,142.0
911,2020-01-19-OAK,29.0,0.0,0.0,0.0,102.5
912,2020-01-19-SFO,26.0,0.0,0.0,0.0,99.0
913,2020-01-19-SJC,11.0,0.0,0.0,0.0,75.0
914,2020-01-19-SLC,16.0,0.0,0.0,30.0,-12.0
915,2020-01-19-PDX,59.0,0.0,0.0,0.0,64.0
916,2020-01-19-SEA,41.0,8.0,0.0,0.0,90.0
917,2020-01-19-IND,64.0,0.0,0.0,0.0,-96.5
918,2020-01-19-RSW,40.0,5.0,0.0,0.0,119.5
919,2020-01-19-DEN,22.0,0.0,0.0,0.0,-2.5
920,2020-01-19-SNA,10.0,0.0,0.0,0.0,161.0
921,2020-01-19-SMF,13.0,0.0,0.0,0.0,50.0
922,2020-01-19-BWI,71.0,8.0,0.0,0.0,43.0
923,2020-01-19-IAD,66.0,10.0,0.0,0.0,34.0
924,2020-01-19-CVG,69.0,0.0,0.0,0.0,-45.0
925,2020-01-19-CMH,52.0,89.0,0.0,0.0,105.5
926,2020-01-19-PHL,51.0,8.0,0.0,0.0,22.5
927,2020-01-19-JFK,73.0,0.0,0.0,0.0,43.0
928,2020-01-19-PIT,68.0,3.0,8.0,0.0,-20.0
929,2020-01-19-ORD,58.0,0.0,0.0,50.0,-128.0
930,2020-01-19-DTW,61.0,3.0,13.0,100.0,-49.0
931,2020-01-20-DFW,18.0,0.0,0.0,0.0,74.0
932,2020-01-20-CLE,46.0,0.0,0.0,0.0,-29.5
933,2020-01-20-MCO,56.0,0.0,0.0,0.0,159.0
934,2020-01-20-MIA,29.0,0.0,0.0,0.0,228.0
935,2020-01-20-TPA,50.0,0.0,0.0,0.0,144.0
936,2020-01-20-FLL,32.0,0.0,0.0,0.0,219.0
937,2020-01-20-MSY,58.0,0.0,0.0,0.0,93.0
938,2020-01-20-HOU,38.0,0.0,0.0,0.0,105.0
939,2020-01-20-SAT,14.0,0.0,0.0,0.0,96.0
940,2020-01-20-IAH,35.0,0.0,0.0,0.0,98.0
941,2020-01-20-RDU,26.0,0.0,0.0,0.0,10.0
942,2020-01-20-DCA,64.0,0.0,0.0,0.0,-11.0
943,2020-01-20-ATL,55.0,0.0,0.0,0.0,2.0
944,2020-01-20-CLT,41.0,0.0,0.0,0.0,12.0
945,2020-01-20-BNA,45.0,0.0,0.0,0.0,-50.0
946,2020-01-20-AUS,8.0,0.0,0.0,0.0,73.0
947,2020-01-20-DAL,8.0,0.0,0.0,0.0,84.0
948,2020-01-20-MCI,27.0,0.0,0.0,0.0,-102.0
949,2020-01-20-STL,28.0,0.0,0.0,0.0,-78.0
950,2020-01-20-LGA,77.0,0.0,0.0,0.0,-26.0
951,2020-01-20-EWR,68.0,0.0,0.0,0.0,-23.0
952,2020-01-20-BOS,62.0,0.0,0.0,0.0,-34.0
953,2020-01-20-MKE,29.0,0.0,0.0,130.0,-57.0
954,2020-01-20-MSP,23.0,8.0,10.0,200.0,-127.0
955,2020-01-20-HNL,39.0,3.0,0.0,0.0,242.0
956,2020-01-20-LAS,40.0,0.0,0.0,0.0,6.0
957,2020-01-20-LAX,24.0,5.0,0.0,0.0,159.0
958,2020-01-20-PHX,35.0,0.0,0.0,0.0,186.0
959,2020-01-20-SAN,15.0,0.0,0.0,0.0,157.0
960,2020-01-20-OAK,13.0,0.0,0.0,0.0,102.5
961,2020-01-20-SFO,22.0,0.0,0.0,0.0,101.0
962,2020-01-20-SJC,15.0,0.0,0.0,0.0,105.5
963,2020-01-20-SLC,17.0,0.0,0.0,0.0,-9.0
964,2020-01-20-PDX,47.0,0.0,0.0,0.0,72.0
965,2020-01-20-SEA,24.0,0.0,0.0,0.0,101.0
966,2020-01-20-IND,29.0,0.0,0.0,0.0,-63.0
967,2020-01-20-RSW,49.0,0.0,0.0,0.0,58.5
968,2020-01-20-DEN,20.0,0.0,0.0,0.0,20.0
969,2020-01-20-SNA,17.0,0.0,0.0,0.0,155.5
970,2020-01-20-SMF,20.0,0.0,0.0,0.0,69.0
971,2020-01-20-BWI,44.0,0.0,0.0,0.0,-18.0
972,2020-01-20-IAD,60.0,0.0,0.0,0.0,-27.0
973,2020-01-20-CVG,30.0,0.0,0.0,0.0,-74.0
974,2020-01-20-CMH,38.0,0.0,0.0,0.0,34.0
975,2020-01-20-PHL,58.0,0.0,0.0,0.0,-19.0
976,2020-01-20-JFK,81.0,0.0,0.0,0.0,-23.0
977,2020-01-20-PIT,34.0,0.0,3.0,0.0,-76.0
978,2020-01-20-ORD,30.0,0.0,0.0,50.0,-59.0
979,2020-01-20-DTW,28.0,0.0,0.0,100.0,-78.0
980,2020-01-21-DFW,36.0,5.0,0.0,0.0,66.0
981,2020-01-21-CLE,45.0,0.0,0.0,0.0,-43.5
982,2020-01-21-MCO,72.0,0.0,0.0,0.0,101.0
983,2020-01-21-MIA,52.0,0.0,0.0,0.0,164.0
984,2020-01-21-TPA,69.0,0.0,0.0,0.0,94.0
985,2020-01-21-FLL,54.0,0.0,0.0,0.0,149.0
986,2020-01-21-MSY,47.0,0.0,0.0,0.0,70.0
987,2020-01-21-HOU,37.0,0.0,0.0,0.0,103.0
988,2020-01-21-SAT,45.0,0.0,0.0,0.0,104.0
989,2020-01-21-IAH,29.0,0.0,0.0,0.0,89.0
990,2020-01-21-RDU,36.0,0.0,0.0,0.0,-11.0
991,2020-01-21-DCA,52.0,0.0,0.0,0.0,-13.0
992,2020-01-21-ATL,44.0,0.0,0.0,0.0,-9.0
993,2020-01-21-CLT,47.0,0.0,0.0,0.0,-9.0
994,2020-01-21-BNA,37.0,0.0,0.0,0.0,-26.0
995,2020-01-21-AUS,34.0,0.0,0.0,0.0,89.0
996,2020-01-21-DAL,31.0,10.0,0.0,0.0,68.0
997,2020-01-21-MCI,27.0,0.0,0.0,0.0,-63.0
998,2020-01-21-STL,37.0,0.0,0.0,0.0,-53.0
999,2020-01-21-LGA,41.0,0.0,0.0,0.0,-34.0
1000,2020-01-21-EWR,39.0,0.0,0.0,0.0,-32.0
1001,2020-01-21-BOS,34.0,0.0,0.0,0.0,-49.0
1002,2020-01-21-MKE,42.0,0.0,0.0,130.0,-66.0
1003,2020-01-21-MSP,44.0,0.0,0.0,200.0,-133.0
1004,2020-01-21-HNL,20.0,0.0,0.0,0.0,232.0
1005,2020-01-21-LAS,57.0,13.0,0.0,0.0,6.0
1006,2020-01-21-LAX,37.0,8.0,0.0,0.0,153.0
1007,2020-01-21-PHX,17.0,48.0,0.0,0.0,156.0
1008,2020-01-21-SAN,20.0,64.0,0.0,0.0,153.0
1009,2020-01-21-OAK,39.0,23.0,0.0,0.0,111.0
1010,2020-01-21-SFO,40.0,3.0,0.0,0.0,123.0
1011,2020-01-21-SJC,38.0,0.0,0.0,0.0,117.0
1012,2020-01-21-SLC,19.0,3.0,0.0,0.0,9.0
1013,2020-01-21-PDX,54.0,56.0,0.0,0.0,77.0
1014,2020-01-21-SEA,62.0,132.0,0.0,0.0,93.0
1015,2020-01-21-IND,17.0,0.0,0.0,0.0,-32.5
1016,2020-01-21-RSW,43.0,0.0,0.0,0.0,28.0
1017,2020-01-21-DEN,17.0,0.0,0.0,0.0,61.0
1018,2020-01-21-SNA,16.0,5.0,0.0,0.0,147.0
1019,2020-01-21-SMF,38.0,10.0,0.0,0.0,97.0
1020,2020-01-21-BWI,26.0,0.0,0.0,0.0,-26.0
1021,2020-01-21-IAD,45.0,0.0,0.0,0.0,-27.0
1022,2020-01-21-CVG,22.0,0.0,0.0,0.0,-38.0
1023,2020-01-21-CMH,34.0,0.0,0.0,0.0,20.0
1024,2020-01-21-PHL,31.0,0.0,0.0,0.0,-21.5
1025,2020-01-21-JFK,40.0,0.0,0.0,0.0,-34.0
1026,2020-01-21-PIT,21.0,0.0,0.0,0.0,-67.0
1027,2020-01-21-ORD,34.0,0.0,0.0,50.0,-61.0
1028,2020-01-21-DTW,36.0,0.0,0.0,100.0,-52.0
1029,2020-01-22-DFW,56.0,117.0,0.0,0.0,54.0
1030,2020-01-22-CLE,45.0,0.0,0.0,0.0,-30.0
1031,2020-01-22-MCO,72.0,0.0,0.0,0.0,67.0
1032,2020-01-22-MIA,49.0,0.0,0.0,0.0,106.0
1033,2020-01-22-TPA,58.0,0.0,0.0,0.0,80.0
1034,2020-01-22-FLL,60.0,5.0,0.0,0.0,97.0
1035,2020-01-22-MSY,39.0,0.0,0.0,0.0,77.0
1036,2020-01-22-HOU,58.0,356.0,0.0,0.0,114.0
1037,2020-01-22-SAT,25.0,165.0,0.0,0.0,122.0
1038,2020-01-22-IAH,59.0,330.0,0.0,0.0,98.0
1039,2020-01-22-RDU,28.0,0.0,0.0,0.0,2.0
1040,2020-01-22-DCA,20.0,0.0,0.0,0.0,-7.0
1041,2020-01-22-ATL,38.0,0.0,0.0,0.0,15.0
1042,2020-01-22-CLT,34.0,0.0,0.0,0.0,4.0
1043,2020-01-22-BNA,13.0,0.0,0.0,0.0,-3.0
1044,2020-01-22-AUS,25.0,231.0,0.0,0.0,117.0
1045,2020-01-22-DAL,50.0,81.0,0.0,0.0,59.0
1046,2020-01-22-MCI,41.0,7.5,0.0,0.0,14.0
1047,2020-01-22-STL,51.0,18.0,0.0,0.0,-17.0
1048,2020-01-22-LGA,15.0,0.0,0.0,0.0,-5.0
1049,2020-01-22-EWR,17.0,0.0,0.0,0.0,-12.0
1050,2020-01-22-BOS,22.0,0.0,0.0,0.0,-19.0
1051,2020-01-22-MKE,57.0,0.0,0.0,100.0,-28.0
1052,2020-01-22-MSP,37.0,43.0,15.0,200.0,-23.0
1053,2020-01-22-HNL,25.0,0.0,0.0,0.0,229.0
1054,2020-01-22-LAS,52.0,0.0,0.0,0.0,28.0
1055,2020-01-22-LAX,19.0,0.0,0.0,0.0,140.0
1056,2020-01-22-PHX,9.0,0.0,0.0,0.0,130.0
1057,2020-01-22-SAN,17.0,0.0,0.0,0.0,149.0
1058,2020-01-22-OAK,15.0,0.0,0.0,0.0,122.5
1059,2020-01-22-SFO,20.0,0.0,0.0,0.0,122.0
1060,2020-01-22-SJC,11.0,0.0,0.0,0.0,130.5
1061,2020-01-22-SLC,18.0,10.0,0.0,0.0,36.0
1062,2020-01-22-PDX,47.0,23.0,0.0,0.0,79.0
1063,2020-01-22-SEA,43.0,56.0,0.0,0.0,74.0
1064,2020-01-22-IND,25.0,0.0,0.0,0.0,-30.0
1065,2020-01-22-RSW,27.0,0.0,0.0,0.0,45.0
1066,2020-01-22-DEN,49.0,0.0,0.0,0.0,36.5
1067,2020-01-22-SNA,10.0,0.0,0.0,0.0,153.0
1068,2020-01-22-SMF,21.0,0.0,0.0,0.0,114.0
1069,2020-01-22-BWI,10.0,0.0,0.0,0.0,-13.0
1070,2020-01-22-IAD,10.0,0.0,0.0,0.0,-21.0
1071,2020-01-22-CVG,29.0,0.0,0.0,0.0,-29.0
1072,2020-01-22-CMH,32.0,0.0,0.0,0.0,50.5
1073,2020-01-22-PHL,9.0,0.0,0.0,0.0,-2.5
1074,2020-01-22-JFK,17.0,0.0,0.0,0.0,-13.0
1075,2020-01-22-PIT,9.0,0.0,0.0,0.0,-64.0
1076,2020-01-22-ORD,55.0,0.0,0.0,50.0,-27.0
1077,2020-01-22-DTW,40.0,0.0,0.0,100.0,-49.0
1078,2020-01-23-DFW,46.0,10.0,0.0,0.0,84.0
1079,2020-01-23-CLE,48.0,0.0,0.0,0.0,33.5
1080,2020-01-23-MCO,40.0,46.0,0.0,0.0,147.0
1081,2020-01-23-MIA,28.0,79.0,0.0,0.0,173.0
1082,2020-01-23-TPA,43.0,0.0,0.0,0.0,144.0
1083,2020-01-23-FLL,33.0,236.0,0.0,0.0,164.0
1084,2020-01-23-MSY,37.0,86.0,0.0,0.0,130.0
1085,2020-01-23-HOU,42.0,102.0,0.0,0.0,161.0
1086,2020-01-23-SAT,36.0,0.0,0.0,0.0,150.0
1087,2020-01-23-IAH,35.0,25.0,0.0,0.0,152.0
1088,2020-01-23-RDU,21.0,0.0,0.0,0.0,16.0
1089,2020-01-23-DCA,5.0,0.0,0.0,0.0,15.0
1090,2020-01-23-ATL,53.0,53.0,0.0,0.0,58.0
1091,2020-01-23-CLT,33.0,0.0,0.0,0.0,27.0
1092,2020-01-23-BNA,27.0,180.0,0.0,0.0,56.0
1093,2020-01-23-AUS,32.0,0.0,0.0,0.0,138.0
1094,2020-01-23-DAL,32.0,5.0,0.0,0.0,92.0
1095,2020-01-23-MCI,23.0,15.0,0.0,0.0,14.0
1096,2020-01-23-STL,34.0,124.0,41.0,0.0,8.0
1097,2020-01-23-LGA,19.0,0.0,0.0,0.0,33.0
1098,2020-01-23-EWR,15.0,0.0,0.0,0.0,17.0
1099,2020-01-23-BOS,33.0,0.0,0.0,0.0,22.0
1100,2020-01-23-MKE,29.0,53.0,56.0,130.0,1.0
1101,2020-01-23-MSP,30.0,15.0,25.0,200.0,1.0
1102,2020-01-23-HNL,19.0,0.0,0.0,0.0,224.0
1103,2020-01-23-LAS,36.0,0.0,0.0,0.0,8.5
1104,2020-01-23-LAX,23.0,0.0,0.0,0.0,152.0
1105,2020-01-23-PHX,14.0,0.0,0.0,0.0,135.0
1106,2020-01-23-SAN,15.0,0.0,0.0,0.0,146.0
1107,2020-01-23-OAK,21.0,0.0,0.0,0.0,122.0
1108,2020-01-23-SFO,10.0,0.0,0.0,0.0,117.0
1109,2020-01-23-SJC,10.0,0.0,0.0,0.0,122.0
1110,2020-01-23-SLC,16.0,3.0,0.0,0.0,51.0
1111,2020-01-23-PDX,52.0,234.0,0.0,0.0,79.0
1112,2020-01-23-SEA,50.0,251.0,0.0,0.0,105.0
1113,2020-01-23-IND,31.0,0.0,0.0,0.0,36.0
1114,2020-01-23-RSW,33.0,64.0,0.0,0.0,130.5
1115,2020-01-23-DEN,22.0,0.0,0.0,0.0,3.5
1116,2020-01-23-SNA,11.0,0.0,0.0,0.0,164.0
1117,2020-01-23-SMF,9.0,0.0,0.0,0.0,86.0
1118,2020-01-23-BWI,7.0,0.0,0.0,0.0,-8.0
1119,2020-01-23-IAD,7.0,0.0,0.0,0.0,-19.0
1120,2020-01-23-CVG,30.0,33.0,0.0,0.0,28.0
1121,2020-01-23-CMH,40.0,122.0,0.0,0.0,67.0
1122,2020-01-23-PHL,5.0,0.0,0.0,0.0,20.0
1123,2020-01-23-JFK,29.0,0.0,0.0,0.0,14.0
1124,2020-01-23-PIT,11.0,0.0,0.0,0.0,-13.0
1125,2020-01-23-ORD,34.0,43.0,23.0,50.0,-2.0
1126,2020-01-23-DTW,18.0,0.0,0.0,100.0,-7.0
1127,2020-01-24-DFW,42.0,0.0,0.0,0.0,90.0
1128,2020-01-24-CLE,54.0,58.0,0.0,0.0,58.0
1129,2020-01-24-MCO,27.0,0.0,0.0,0.0,192.0
1130,2020-01-24-MIA,20.0,0.0,0.0,0.0,214.0
1131,2020-01-24-TPA,22.0,0.0,0.0,0.0,189.0
1132,2020-01-24-FLL,30.0,51.0,0.0,0.0,207.0
1133,2020-01-24-MSY,40.0,0.0,0.0,0.0,146.0
1134,2020-01-24-HOU,22.0,0.0,0.0,0.0,123.0
1135,2020-01-24-SAT,22.0,0.0,0.0,0.0,128.0
1136,2020-01-24-IAH,13.0,0.0,0.0,0.0,112.0
1137,2020-01-24-RDU,44.0,53.0,0.0,0.0,87.0
1138,2020-01-24-DCA,33.0,0.0,0.0,0.0,49.0
1139,2020-01-24-ATL,33.0,168.0,0.0,0.0,79.0
1140,2020-01-24-CLT,36.0,262.0,0.0,0.0,80.0
1141,2020-01-24-BNA,36.0,23.0,0.0,0.0,84.0
1142,2020-01-24-AUS,14.0,0.0,0.0,0.0,101.0
1143,2020-01-24-DAL,36.0,0.0,0.0,0.0,94.0
1144,2020-01-24-MCI,47.0,0.0,0.0,0.0,5.5
1145,2020-01-24-STL,33.0,3.0,0.0,30.0,12.0
1146,2020-01-24-LGA,32.0,0.0,0.0,0.0,48.0
1147,2020-01-24-EWR,21.0,0.0,0.0,0.0,52.0
1148,2020-01-24-BOS,31.0,0.0,0.0,0.0,49.0
1149,2020-01-24-MKE,34.0,94.0,20.0,130.0,20.0
1150,2020-01-24-MSP,42.0,0.0,0.0,200.0,-5.0
1151,2020-01-24-HNL,25.0,0.0,0.0,0.0,229.0
1152,2020-01-24-LAS,30.0,0.0,0.0,0.0,28.0
1153,2020-01-24-LAX,20.0,0.0,0.0,0.0,161.0
1154,2020-01-24-PHX,15.0,0.0,0.0,0.0,154.0
1155,2020-01-24-SAN,15.0,0.0,0.0,0.0,152.0
1156,2020-01-24-OAK,18.0,0.0,0.0,0.0,128.0
1157,2020-01-24-SFO,31.0,0.0,0.0,0.0,121.0
1158,2020-01-24-SJC,18.0,0.0,0.0,0.0,127.5
1159,2020-01-24-SLC,30.0,25.0,0.0,0.0,35.0
1160,2020-01-24-PDX,44.0,41.0,0.0,0.0,103.0
1161,2020-01-24-SEA,45.0,119.0,0.0,0.0,105.0
1162,2020-01-24-IND,25.0,3.0,0.0,0.0,41.5
1163,2020-01-24-RSW,25.0,8.0,0.0,0.0,133.5
1164,2020-01-24-DEN,28.0,0.0,0.0,0.0,42.0
1165,2020-01-24-SNA,16.0,0.0,0.0,0.0,158.5
1166,2020-01-24-SMF,22.0,0.0,0.0,0.0,108.5
1167,2020-01-24-BWI,36.0,0.0,0.0,0.0,37.0
1168,2020-01-24-IAD,32.0,18.0,0.0,0.0,44.0
1169,2020-01-24-CVG,37.0,145.0,0.0,0.0,57.0
1170,2020-01-24-CMH,25.0,157.0,0.0,0.0,111.0
1171,2020-01-24-PHL,31.0,0.0,0.0,0.0,61.5
1172,2020-01-24-JFK,26.0,0.0,0.0,0.0,48.0
1173,2020-01-24-PIT,33.0,264.0,0.0,0.0,41.0
1174,2020-01-24-ORD,21.0,102.0,0.0,30.0,16.0
1175,2020-01-24-DTW,36.0,119.0,0.0,80.0,18.0
1176,2020-01-25-DFW,50.0,0.0,0.0,0.0,98.0
1177,2020-01-25-CLE,52.0,36.0,0.0,0.0,44.5
1178,2020-01-25-MCO,40.0,0.0,0.0,0.0,186.0
1179,2020-01-25-MIA,17.0,0.0,0.0,0.0,224.0
1180,2020-01-25-TPA,32.0,0.0,0.0,0.0,176.0
1181,2020-01-25-FLL,22.0,0.0,0.0,0.0,212.0
1182,2020-01-25-MSY,19.0,0.0,0.0,0.0,118.0
1183,2020-01-25-HOU,38.0,3.0,0.0,0.0,133.0
1184,2020-01-25-SAT,27.0,10.0,0.0,0.0,128.0
1185,2020-01-25-IAH,39.0,0.0,0.0,0.0,111.0
1186,2020-01-25-RDU,23.0,140.0,0.0,0.0,129.0
1187,2020-01-25-DCA,38.0,312.0,0.0,0.0,94.0
1188,2020-01-25-ATL,48.0,0.0,0.0,0.0,57.0
1189,2020-01-25-CLT,23.0,0.0,0.0,0.0,81.0
1190,2020-01-25-BNA,28.0,0.0,0.0,0.0,42.0
1191,2020-01-25-AUS,26.0,10.0,0.0,0.0,99.0
1192,2020-01-25-DAL,43.0,0.0,0.0,0.0,111.0
1193,2020-01-25-MCI,18.0,0.0,0.0,0.0,-8.0
1194,2020-01-25-STL,47.0,0.0,0.0,0.0,10.0
1195,2020-01-25-LGA,67.0,198.0,0.0,0.0,52.0
1196,2020-01-25-EWR,51.0,224.0,0.0,0.0,64.0
1197,2020-01-25-BOS,63.0,178.0,0.0,0.0,57.0
1198,2020-01-25-MKE,27.0,10.0,8.0,100.0,12.0
1199,2020-01-25-MSP,43.0,0.0,0.0,180.0,-7.0
1200,2020-01-25-HNL,27.0,0.0,0.0,0.0,237.0
1201,2020-01-25-LAS,47.0,0.0,0.0,0.0,42.0
1202,2020-01-25-LAX,23.0,0.0,0.0,0.0,144.0
1203,2020-01-25-PHX,17.0,0.0,0.0,0.0,151.0
1204,2020-01-25-SAN,16.0,0.0,0.0,0.0,149.0
1205,2020-01-25-OAK,14.0,0.0,0.0,0.0,150.0
1206,2020-01-25-SFO,22.0,0.0,0.0,0.0,133.0
1207,2020-01-25-SJC,18.0,0.0,0.0,0.0,150.0
1208,2020-01-25-SLC,15.0,0.0,0.0,0.0,36.0
1209,2020-01-25-PDX,47.0,48.0,0.0,0.0,106.0
1210,2020-01-25-SEA,22.0,41.0,0.0,0.0,89.0
1211,2020-01-25-IND,34.0,0.0,0.0,0.0,11.0
1212,2020-01-25-RSW,26.0,0.0,0.0,0.0,94.5
1213,2020-01-25-DEN,22.0,0.0,0.0,0.0,59.0
1214,2020-01-25-SNA,16.0,0.0,0.0,0.0,158.5
1215,2020-01-25-SMF,20.0,28.0,0.0,0.0,125.0
1216,2020-01-25-BWI,43.0,378.0,0.0,0.0,85.0
1217,2020-01-25-IAD,39.0,373.0,0.0,0.0,85.0
1218,2020-01-25-CVG,47.0,13.0,0.0,0.0,30.0
1219,2020-01-25-CMH,34.0,0.0,0.0,0.0,83.5
1220,2020-01-25-PHL,56.0,432.0,0.0,0.0,83.5
1221,2020-01-25-JFK,75.0,226.0,0.0,0.0,56.0
1222,2020-01-25-PIT,34.0,48.0,3.0,0.0,49.0
1223,2020-01-25-ORD,37.0,30.0,10.0,30.0,7.0
1224,2020-01-25-DTW,46.0,15.0,0.0,50.0,22.0
1225,2020-01-26-DFW,37.0,0.0,0.0,0.0,139.0
1226,2020-01-26-CLE,68.0,8.0,0.0,0.0,19.5
1227,2020-01-26-MCO,24.0,0.0,0.0,0.0,138.0
1228,2020-01-26-MIA,25.0,0.0,0.0,0.0,189.0
1229,2020-01-26-TPA,25.0,0.0,0.0,0.0,134.0
1230,2020-01-26-FLL,29.0,0.0,0.0,0.0,172.0
1231,2020-01-26-MSY,34.0,145.0,0.0,0.0,124.0
1232,2020-01-26-HOU,27.0,56.0,0.0,0.0,189.0
1233,2020-01-26-SAT,16.0,0.0,0.0,0.0,178.0
1234,2020-01-26-IAH,23.0,33.0,0.0,0.0,174.0
1235,2020-01-26-RDU,19.0,0.0,0.0,0.0,63.0
1236,2020-01-26-DCA,30.0,0.0,0.0,0.0,66.0
1237,2020-01-26-ATL,27.0,0.0,0.0,0.0,47.0
1238,2020-01-26-CLT,15.0,0.0,0.0,0.0,49.0
1239,2020-01-26-BNA,28.0,5.0,0.0,0.0,37.0
1240,2020-01-26-AUS,19.0,0.0,0.0,0.0,168.0
1241,2020-01-26-DAL,31.0,0.0,0.0,0.0,148.0
1242,2020-01-26-MCI,7.0,0.0,0.0,0.0,-8.0
1243,2020-01-26-STL,11.0,0.0,0.0,0.0,4.0
1244,2020-01-26-LGA,56.0,0.0,0.0,0.0,59.0
1245,2020-01-26-EWR,48.0,0.0,0.0,0.0,55.0
1246,2020-01-26-BOS,56.0,0.0,0.0,0.0,84.0
1247,2020-01-26-MKE,39.0,0.0,0.0,80.0,17.0
1248,2020-01-26-MSP,21.0,0.0,0.0,180.0,-27.0
1249,2020-01-26-HNL,39.0,0.0,0.0,0.0,243.0
1250,2020-01-26-LAS,33.0,0.0,0.0,0.0,36.5
1251,2020-01-26-LAX,21.0,0.0,0.0,0.0,147.0
1252,2020-01-26-PHX,16.0,0.0,0.0,0.0,152.0
1253,2020-01-26-SAN,20.0,0.0,0.0,0.0,154.0
1254,2020-01-26-OAK,34.0,43.0,0.0,0.0,133.0
1255,2020-01-26-SFO,56.0,36.0,0.0,0.0,146.0
1256,2020-01-26-SJC,27.0,28.0,0.0,0.0,128.0
1257,2020-01-26-SLC,23.0,86.0,0.0,0.0,28.0
1258,2020-01-26-PDX,46.0,127.0,0.0,0.0,107.0
1259,2020-01-26-SEA,53.0,89.0,0.0,0.0,97.0
1260,2020-01-26-IND,23.0,0.0,0.0,0.0,6.0
1261,2020-01-26-RSW,10.0,20.0,0.0,0.0,86.0
1262,2020-01-26-DEN,21.0,0.0,0.0,0.0,45.0
1263,2020-01-26-SNA,15.0,0.0,0.0,0.0,144.5
1264,2020-01-26-SMF,40.0,30.0,0.0,0.0,141.5
1265,2020-01-26-BWI,43.0,0.0,0.0,0.0,56.0
1266,2020-01-26-IAD,27.0,0.0,0.0,0.0,41.0
1267,2020-01-26-CVG,37.0,0.0,0.0,0.0,14.0
1268,2020-01-26-CMH,13.0,0.0,0.0,0.0,78.0
1269,2020-01-26-PHL,41.0,0.0,0.0,0.0,61.0
1270,2020-01-26-JFK,60.0,0.0,0.0,0.0,58.0
1271,2020-01-26-PIT,46.0,8.0,13.0,30.0,4.0
1272,2020-01-26-ORD,42.0,0.0,0.0,30.0,-2.0
1273,2020-01-26-DTW,57.0,8.0,0.0,30.0,12.0
1274,2020-01-27-DFW,29.0,0.0,0.0,0.0,105.0
1275,2020-01-27-CLE,58.0,0.0,0.0,0.0,16.5
1276,2020-01-27-MCO,19.0,0.0,0.0,0.0,163.0
1277,2020-01-27-MIA,19.0,0.0,0.0,0.0,200.0
1278,2020-01-27-TPA,22.0,0.0,0.0,0.0,158.0
1279,2020-01-27-FLL,27.0,0.0,0.0,0.0,187.0
1280,2020-01-27-MSY,24.0,0.0,0.0,0.0,133.0
1281,2020-01-27-HOU,36.0,0.0,0.0,0.0,154.0
1282,2020-01-27-SAT,32.0,0.0,0.0,0.0,159.0
1283,2020-01-27-IAH,32.0,0.0,0.0,0.0,139.0
1284,2020-01-27-RDU,12.0,30.0,0.0,0.0,56.0
1285,2020-01-27-DCA,42.0,0.0,0.0,0.0,59.0
1286,2020-01-27-ATL,30.0,0.0,0.0,0.0,91.0
1287,2020-01-27-CLT,22.0,3.0,0.0,0.0,72.0
1288,2020-01-27-BNA,31.0,13.0,0.0,0.0,94.0
1289,2020-01-27-AUS,26.0,0.0,0.0,0.0,125.0
1290,2020-01-27-DAL,29.0,0.0,0.0,0.0,109.0
1291,2020-01-27-MCI,23.0,0.0,0.0,0.0,3.0
1292,2020-01-27-STL,26.0,0.0,0.0,0.0,-4.0
1293,2020-01-27-LGA,61.0,0.0,0.0,0.0,47.0
1294,2020-01-27-EWR,54.0,0.0,0.0,0.0,42.0
1295,2020-01-27-BOS,55.0,0.0,0.0,0.0,57.0
1296,2020-01-27-MKE,28.0,0.0,0.0,80.0,3.0
1297,2020-01-27-MSP,29.0,0.0,0.0,180.0,-34.0
1298,2020-01-27-HNL,27.0,0.0,0.0,0.0,241.0
1299,2020-01-27-LAS,36.0,3.0,0.0,0.0,42.5
1300,2020-01-27-LAX,31.0,0.0,0.0,0.0,143.0
1301,2020-01-27-PHX,31.0,0.0,0.0,0.0,166.0
1302,2020-01-27-SAN,15.0,0.0,0.0,0.0,152.0
1303,2020-01-27-OAK,22.0,0.0,0.0,0.0,119.5
1304,2020-01-27-SFO,25.0,0.0,0.0,0.0,121.0
1305,2020-01-27-SJC,18.0,0.0,0.0,0.0,108.5
1306,2020-01-27-SLC,22.0,53.0,10.0,0.0,32.0
1307,2020-01-27-PDX,50.0,226.0,0.0,0.0,86.0
1308,2020-01-27-SEA,43.0,155.0,0.0,0.0,87.0
1309,2020-01-27-IND,34.0,0.0,0.0,0.0,-5.0
1310,2020-01-27-RSW,25.0,0.0,0.0,0.0,108.5
1311,2020-01-27-DEN,14.0,8.0,0.0,0.0,17.5
1312,2020-01-27-SNA,14.0,0.0,0.0,0.0,164.0
1313,2020-01-27-SMF,31.0,0.0,0.0,0.0,125.0
1314,2020-01-27-BWI,44.0,0.0,0.0,0.0,57.0
1315,2020-01-27-IAD,41.0,0.0,0.0,0.0,40.0
1316,2020-01-27-CVG,28.0,0.0,0.0,0.0,7.0
1317,2020-01-27-CMH,14.0,5.0,0.0,0.0,92.0
1318,2020-01-27-PHL,42.0,0.0,0.0,0.0,50.0
1319,2020-01-27-JFK,64.0,0.0,0.0,0.0,47.0
1320,2020-01-27-PIT,41.0,3.0,0.0,0.0,6.0
1321,2020-01-27-ORD,26.0,0.0,0.0,0.0,-12.0
1322,2020-01-27-DTW,35.0,0.0,0.0,0.0,14.0
1323,2020-01-28-DFW,68.0,130.0,0.0,0.0,119.0
1324,2020-01-28-CLE,59.0,3.0,0.0,0.0,11.5
1325,2020-01-28-MCO,43.0,0.0,0.0,0.0,171.0
1326,2020-01-28-MIA,18.0,0.0,0.0,0.0,218.0
1327,2020-01-28-TPA,35.0,0.0,0.0,0.0,167.0
1328,2020-01-28-FLL,27.0,0.0,0.0,0.0,203.0
1329,2020-01-28-MSY,34.0,0.0,0.0,0.0,124.0
1330,2020-01-28-HOU,46.0,160.0,0.0,0.0,152.0
1331,2020-01-28-SAT,51.0,89.0,0.0,0.0,166.0
1332,2020-01-28-IAH,42.0,130.0,0.0,0.0,139.0
1333,2020-01-28-RDU,10.0,0.0,0.0,0.0,71.0
1334,2020-01-28-DCA,55.0,0.0,0.0,0.0,64.0
1335,2020-01-28-ATL,31.0,0.0,0.0,0.0,78.0
1336,2020-01-28-CLT,20.0,0.0,0.0,0.0,72.0
1337,2020-01-28-BNA,21.0,0.0,0.0,0.0,42.0
1338,2020-01-28-AUS,47.0,61.0,0.0,0.0,156.0
1339,2020-01-28-DAL,59.0,91.0,0.0,0.0,127.0
1340,2020-01-28-MCI,33.0,0.0,0.0,0.0,3.5
1341,2020-01-28-STL,21.0,3.0,3.0,0.0,-8.0
1342,2020-01-28-LGA,72.0,0.0,0.0,0.0,42.0
1343,2020-01-28-EWR,66.0,0.0,0.0,0.0,49.0
1344,2020-01-28-BOS,58.0,0.0,0.0,0.0,50.0
1345,2020-01-28-MKE,27.0,0.0,0.0,80.0,0.0
1346,2020-01-28-MSP,23.0,0.0,0.0,180.0,-66.0
1347,2020-01-28-HNL,24.0,0.0,0.0,0.0,229.0
1348,2020-01-28-LAS,44.0,0.0,0.0,0.0,17.0
1349,2020-01-28-LAX,31.0,0.0,0.0,0.0,180.0
1350,2020-01-28-PHX,18.0,0.0,0.0,0.0,156.0
1351,2020-01-28-SAN,18.0,0.0,0.0,0.0,156.0
1352,2020-01-28-OAK,27.0,8.0,0.0,0.0,125.0
1353,2020-01-28-SFO,34.0,8.0,0.0,0.0,126.0
1354,2020-01-28-SJC,20.0,3.0,0.0,0.0,128.0
1355,2020-01-28-SLC,43.0,0.0,0.0,0.0,37.0
1356,2020-01-28-PDX,47.0,97.0,0.0,0.0,96.0
1357,2020-01-28-SEA,35.0,170.0,0.0,0.0,86.0
1358,2020-01-28-IND,18.0,0.0,0.0,0.0,3.0
1359,2020-01-28-RSW,17.0,0.0,0.0,0.0,108.0
1360,2020-01-28-DEN,28.0,0.0,0.0,0.0,-5.0
1361,2020-01-28-SNA,13.0,0.0,0.0,0.0,172.5
1362,2020-01-28-SMF,38.0,0.0,0.0,0.0,108.5
1363,2020-01-28-BWI,47.0,0.0,0.0,0.0,54.0
1364,2020-01-28-IAD,56.0,0.0,0.0,0.0,50.0
1365,2020-01-28-CVG,19.0,0.0,0.0,0.0,8.0
1366,2020-01-28-CMH,10.0,0.0,0.0,0.0,92.0
1367,2020-01-28-PHL,51.0,0.0,0.0,0.0,52.5
1368,2020-01-28-JFK,80.0,0.0,0.0,0.0,50.0
1369,2020-01-28-PIT,40.0,3.0,0.0,0.0,3.0
1370,2020-01-28-ORD,26.0,0.0,0.0,0.0,1.0
1371,2020-01-28-DTW,28.0,0.0,0.0,0.0,13.0
1372,2020-01-29-DFW,71.0,10.0,0.0,0.0,53.0
1373,2020-01-29-CLE,34.0,0.0,0.0,0.0,0.5
1374,2020-01-29-MCO,27.0,0.0,0.0,0.0,151.0
1375,2020-01-29-MIA,24.0,0.0,0.0,0.0,217.0
1376,2020-01-29-TPA,21.0,0.0,0.0,0.0,153.0
1377,2020-01-29-FLL,33.0,0.0,0.0,0.0,206.0
1378,2020-01-29-MSY,41.0,23.0,0.0,0.0,154.0
1379,2020-01-29-HOU,60.0,0.0,0.0,0.0,114.0
1380,2020-01-29-SAT,51.0,0.0,0.0,0.0,122.0
1381,2020-01-29-IAH,53.0,0.0,0.0,0.0,108.0
1382,2020-01-29-RDU,12.0,0.0,0.0,0.0,41.0
1383,2020-01-29-DCA,43.0,0.0,0.0,0.0,58.0
1384,2020-01-29-ATL,26.0,0.0,0.0,0.0,87.0
1385,2020-01-29-CLT,31.0,0.0,0.0,0.0,66.0
1386,2020-01-29-BNA,28.0,0.0,0.0,0.0,50.0
1387,2020-01-29-AUS,49.0,0.0,0.0,0.0,116.0
1388,2020-01-29-DAL,60.0,3.0,0.0,0.0,61.0
1389,2020-01-29-MCI,21.0,0.0,0.0,0.0,-5.0
1390,2020-01-29-STL,30.0,10.0,18.0,0.0,-5.0
1391,2020-01-29-LGA,54.0,0.0,0.0,0.0,23.0
1392,2020-01-29-EWR,58.0,0.0,0.0,0.0,32.0
1393,2020-01-29-BOS,47.0,0.0,0.0,0.0,26.0
1394,2020-01-29-MKE,20.0,0.0,0.0,50.0,-15.0
1395,2020-01-29-MSP,17.0,0.0,0.0,180.0,-72.0
1396,2020-01-29-HNL,26.0,0.0,0.0,0.0,242.0
1397,2020-01-29-LAS,27.0,0.0,0.0,0.0,-18.5
1398,2020-01-29-LAX,51.0,0.0,0.0,0.0,196.0
1399,2020-01-29-PHX,23.0,0.0,0.0,0.0,139.0
1400,2020-01-29-SAN,20.0,0.0,0.0,0.0,155.0
1401,2020-01-29-OAK,16.0,0.0,0.0,0.0,117.0
1402,2020-01-29-SFO,45.0,0.0,0.0,0.0,118.0
1403,2020-01-29-SJC,33.0,0.0,0.0,0.0,105.0
1404,2020-01-29-SLC,33.0,46.0,25.0,0.0,31.0
1405,2020-01-29-PDX,32.0,114.0,0.0,0.0,90.0
1406,2020-01-29-SEA,30.0,94.0,0.0,0.0,88.0
1407,2020-01-29-IND,20.0,0.0,0.0,0.0,3.0
1408,2020-01-29-RSW,34.0,76.0,0.0,0.0,75.0
1409,2020-01-29-DEN,18.0,20.0,0.0,0.0,0.5
1410,2020-01-29-SNA,33.0,0.0,0.0,0.0,177.5
1411,2020-01-29-SMF,43.0,0.0,0.0,0.0,119.5
1412,2020-01-29-BWI,30.0,0.0,0.0,0.0,54.0
1413,2020-01-29-IAD,33.0,0.0,0.0,0.0,42.0
1414,2020-01-29-CVG,29.0,0.0,0.0,0.0,9.0
1415,2020-01-29-CMH,14.0,8.0,0.0,0.0,77.5
1416,2020-01-29-PHL,41.0,0.0,0.0,0.0,31.0
1417,2020-01-29-JFK,64.0,0.0,0.0,0.0,28.0
1418,2020-01-29-PIT,31.0,0.0,0.0,0.0,-6.0
1419,2020-01-29-ORD,21.0,0.0,0.0,0.0,-2.0
1420,2020-01-29-DTW,17.0,0.0,0.0,0.0,-4.0
1421,2020-01-30-DFW,26.0,0.0,0.0,0.0,54.0
1422,2020-01-30-CLE,17.0,0.0,0.0,0.0,-2.5
1423,2020-01-30-MCO,46.0,0.0,0.0,0.0,173.0
1424,2020-01-30-MIA,27.0,274.0,0.0,0.0,223.0
1425,2020-01-30-TPA,29.0,0.0,0.0,0.0,158.0
1426,2020-01-30-FLL,34.0,0.0,0.0,0.0,215.0
1427,2020-01-30-MSY,34.0,0.0,0.0,0.0,128.0
1428,2020-01-30-HOU,37.0,0.0,0.0,0.0,110.0
1429,2020-01-30-SAT,34.0,0.0,0.0,0.0,89.0
1430,2020-01-30-IAH,34.0,0.0,0.0,0.0,104.0
1431,2020-01-30-RDU,26.0,0.0,0.0,0.0,56.0
1432,2020-01-30-DCA,26.0,0.0,0.0,0.0,24.0
1433,2020-01-30-ATL,36.0,0.0,0.0,0.0,89.0
1434,2020-01-30-CLT,28.0,3.0,0.0,0.0,75.0
1435,2020-01-30-BNA,21.0,0.0,0.0,0.0,62.0
1436,2020-01-30-AUS,40.0,0.0,0.0,0.0,84.0
1437,2020-01-30-DAL,19.0,0.0,0.0,0.0,61.0
1438,2020-01-30-MCI,17.0,0.0,0.0,0.0,11.5
1439,2020-01-30-STL,14.0,0.0,0.0,0.0,3.0
1440,2020-01-30-LGA,36.0,0.0,0.0,0.0,-7.0
1441,2020-01-30-EWR,31.0,0.0,0.0,0.0,-7.0
1442,2020-01-30-BOS,34.0,0.0,0.0,0.0,-17.0
1443,2020-01-30-MKE,20.0,0.0,0.0,50.0,-7.0
1444,2020-01-30-MSP,32.0,0.0,0.0,180.0,-63.0
1445,2020-01-30-HNL,28.0,0.0,0.0,0.0,239.0
1446,2020-01-30-LAS,49.0,0.0,0.0,0.0,11.5
1447,2020-01-30-LAX,25.0,0.0,0.0,0.0,188.0
1448,2020-01-30-PHX,26.0,0.0,0.0,0.0,143.0
1449,2020-01-30-SAN,17.0,0.0,0.0,0.0,169.0
1450,2020-01-30-OAK,18.0,0.0,0.0,0.0,128.0
1451,2020-01-30-SFO,38.0,0.0,0.0,0.0,129.0
1452,2020-01-30-SJC,15.0,0.0,0.0,0.0,116.5
1453,2020-01-30-SLC,23.0,10.0,3.0,0.0,21.0
1454,2020-01-30-PDX,37.0,48.0,0.0,0.0,80.0
1455,2020-01-30-SEA,33.0,104.0,0.0,0.0,79.0
1456,2020-01-30-IND,12.0,0.0,0.0,0.0,8.5
1457,2020-01-30-RSW,29.0,0.0,0.0,0.0,116.5
1458,2020-01-30-DEN,34.0,5.0,0.0,0.0,-16.0
1459,2020-01-30-SNA,17.0,0.0,0.0,0.0,169.5
1460,2020-01-30-SMF,26.0,0.0,0.0,0.0,125.0
1461,2020-01-30-BWI,23.0,0.0,0.0,0.0,9.0
1462,2020-01-30-IAD,15.0,0.0,0.0,0.0,1.0
1463,2020-01-30-CVG,23.0,0.0,0.0,0.0,14.0
1464,2020-01-30-CMH,23.0,0.0,0.0,0.0,94.5
1465,2020-01-30-PHL,25.0,0.0,0.0,0.0,-5.0
1466,2020-01-30-JFK,30.0,0.0,0.0,0.0,-4.0
1467,2020-01-30-PIT,12.0,0.0,0.0,0.0,-27.0
1468,2020-01-30-ORD,16.0,0.0,0.0,0.0,6.0
1469,2020-01-30-DTW,19.0,0.0,0.0,0.0,-6.0
1470,2020-01-31-DFW,34.0,0.0,0.0,0.0,75.0
1471,2020-01-31-CLE,17.0,0.0,0.0,0.0,3.5
1472,2020-01-31-MCO,26.0,0.0,0.0,0.0,181.0
1473,2020-01-31-MIA,27.0,107.0,0.0,0.0,218.0
1474,2020-01-31-TPA,20.0,10.0,0.0,0.0,172.0
1475,2020-01-31-FLL,32.0,81.0,0.0,0.0,211.0
1476,2020-01-31-MSY,41.0,18.0,0.0,0.0,135.0
1477,2020-01-31-HOU,32.0,0.0,0.0,0.0,123.0
1478,2020-01-31-SAT,25.0,0.0,0.0,0.0,105.0
1479,2020-01-31-IAH,25.0,0.0,0.0,0.0,116.0
1480,2020-01-31-RDU,20.0,152.0,0.0,0.0,26.0
1481,2020-01-31-DCA,14.0,3.0,0.0,0.0,38.0
1482,2020-01-31-ATL,47.0,20.0,0.0,0.0,66.0
1483,2020-01-31-CLT,29.0,135.0,0.0,0.0,29.0
1484,2020-01-31-BNA,11.0,5.0,0.0,0.0,78.0
1485,2020-01-31-AUS,23.0,0.0,0.0,0.0,103.0
1486,2020-01-31-DAL,28.0,0.0,0.0,0.0,85.0
1487,2020-01-31-MCI,23.0,0.0,0.0,0.0,17.0
1488,2020-01-31-STL,19.0,0.0,0.0,0.0,34.0
1489,2020-01-31-LGA,29.0,3.0,0.0,0.0,20.0
1490,2020-01-31-EWR,21.0,5.0,0.0,0.0,21.0
1491,2020-01-31-BOS,40.0,0.0,0.0,0.0,17.0
1492,2020-01-31-MKE,24.0,0.0,0.0,50.0,3.0
1493,2020-01-31-MSP,30.0,13.0,15.0,180.0,-20.0
1494,2020-01-31-HNL,35.0,0.0,0.0,0.0,243.0
1495,2020-01-31-LAS,43.0,0.0,0.0,0.0,3.0
1496,2020-01-31-LAX,20.0,0.0,0.0,0.0,173.0
1497,2020-01-31-PHX,17.0,0.0,0.0,0.0,145.0
1498,2020-01-31-SAN,16.0,0.0,0.0,0.0,161.0
1499,2020-01-31-OAK,11.0,0.0,0.0,0.0,147.0
1500,2020-01-31-SFO,11.0,0.0,0.0,0.0,119.0
1501,2020-01-31-SJC,9.0,0.0,0.0,0.0,136.5
1502,2020-01-31-SLC,25.0,0.0,0.0,0.0,8.0
1503,2020-01-31-PDX,52.0,0.0,0.0,0.0,123.0
1504,2020-01-31-SEA,75.0,198.0,0.0,0.0,107.0
1505,2020-01-31-IND,14.0,0.0,0.0,0.0,22.5
1506,2020-01-31-RSW,31.0,10.0,0.0,0.0,108.5
1507,2020-01-31-DEN,39.0,0.0,0.0,0.0,9.0
1508,2020-01-31-SNA,14.0,0.0,0.0,0.0,197.0
1509,2020-01-31-SMF,11.0,0.0,0.0,0.0,119.5
1510,2020-01-31-BWI,9.0,8.0,0.0,0.0,29.0
1511,2020-01-31-IAD,11.0,0.0,0.0,0.0,26.0
1512,2020-01-31-CVG,25.0,28.0,18.0,0.0,16.0
1513,2020-01-31-CMH,36.0,8.0,0.0,0.0,83.5
1514,2020-01-31-PHL,15.0,10.0,0.0,0.0,36.5
1515,2020-01-31-JFK,27.0,5.0,0.0,0.0,24.0
1516,2020-01-31-PIT,9.0,13.0,8.0,0.0,2.0
1517,2020-01-31-ORD,24.0,20.0,15.0,0.0,12.0
1518,2020-01-31-DTW,15.0,0.0,0.0,0.0,-7.0
